"Location_ID","Location_Name","Location_Setting","Location_Setting_Description","Location_Description","Ecology_Facility_Site_ID","Is_Location_a_Well","Address","City","State","Zip_Code","County","Watershed_WRIA","Ecology_Region","US_Congressional_District","State_Legislative_District","NHD_Reach_Code","NHD_Reach_Measure","NHD_Edit_Date","Calculated_Latitude_Decimal_Degrees_NAD83HARN","Calculated_Longitude_Decimal_Degrees_NAD83HARN","Horizontal_Coordinates_Represent","Horizontal_Coordinate_Accuracy","Horizontal_Coordinate_Collection_Method","Paper_Map_Scale","Township_Number","Township_Direction","Range_Number","Range_Direction","Section_Number","Quarter_Section_Township_Range","Quarter_Quarter_Section_Township_Range","Elevation_of","Elevation","Elevation_Units","Elevation_Datum","Elevation_Accuracy","Elevation_Collecton_Method","Sediment_Elevation_Elevation_Reference","Location_Suspect_or_Rejected_Flag","Location_Suspect_Code","Location_Suspect_Description","Location_ID_Alias","Associated_Study_ID","Record_Created_On","Location_System_ID"
"TSPPC425","0219081040","Land","On or below land surface, including most wells","surface soil sampling",,"N","10002  112th St SW,","Lakewood","WA","98498","PIERCE","Chambers-Clover","Southwest Regional Office",10,28,"",,,47.1554303897871,-122.569765059457,"Facility/Site Centroid","+/- 250 ft (76 m)","Unknown","",19,"N",2,"E",8,"SE","SE","",280,"FT","Unknown","Unknown","Map derived, elevation model unknown","Mean sea level (MSL)","","","","","TSP-PC",1/15/2003 12:00:00 AM,5151
"TSPPC657","6295000011","Land","On or below land surface, including most wells","surface soil sampling",,"N","1408  Palisade Blvd,","DuPont","WA","98327","PIERCE","Nisqually","Southwest Regional Office",10,28,"",,,47.0949663181553,-122.673197236655,"Unknown","+/- 10 ft (3 m)","GPS consumer unit or unknown (code phase)","",19,"N",1,"E",34,"NW","NW","",0,"FT","Unknown","Unknown","GPS consumer unit or unknown (code phase)","Mean sea level (MSL)","","","","","TSP-PC",1/15/2003 12:00:00 AM,15151
"TSPPC102","3895000051","Land","On or below land surface, including most wells","surface soil sampling",,"N","4824 N Lexington,","Tacoma","WA","98407","PIERCE","Chambers-Clover","Southwest Regional Office",6,27,"",,,47.2938658434806,-122.526007949878,"Facility/Site Centroid","+/- 250 ft (76 m)","Unknown","",21,"N",2,"E",23,"SW","NW","",300,"FT","Unknown","Unknown","Map derived, elevation model unknown","Mean sea level (MSL)","","","","","TSP-PC",1/15/2003 12:00:00 AM,84151
"TSPPC180","0220033154","Land","On or below land surface, including most wells","surface soil sampling",,"N","1735  Crystal Spring Dr,","Tacoma","WA","98465","PIERCE","Chambers-Clover","Southwest Regional Office",6,28,"",,,47.2432225046567,-122.547068131278,"Facility/Site Centroid","+/- 250 ft (76 m)","Unknown","",20,"N",2,"E",3,"SE","SE","",120,"FT","Unknown","Unknown","Map derived, elevation model unknown","Mean sea level (MSL)","","","","","TSP-PC",1/15/2003 12:00:00 AM,94151
"TSPPC516","0221191700","Land","On or below land surface, including most wells","surface soil sampling",,"N","4411  Murphy Dr NW,","Gig Harbor","WA","98335","PIERCE","Kitsap","Southwest Regional Office",6,26,"",,,47.3004921715747,-122.595898425188,"Facility/Site Centroid","+/- 250 ft (76 m)","Unknown","",21,"N",2,"E",19,"NE","NW","",140,"FT","Unknown","Unknown","Map derived, elevation model unknown","Mean sea level (MSL)","","","","","TSP-PC",1/15/2003 12:00:00 AM,105151
"TSPPC707","0022141040","Land","On or below land surface, including most wells","surface soil sampling",,"N","154th St KPN,","Gig Harbor","WA","","PIERCE","Kitsap","Southwest Regional Office",6,26,"",,,47.3980498085027,-122.759391073833,"Unknown","+/- 10 ft (3 m)","GPS consumer unit or unknown (code phase)","",22,"N",1,"W",14,"NE","SE","",0,"FT","Unknown","Unknown","GPS consumer unit or unknown (code phase)","Mean sea level (MSL)","","","","","TSP-PC",1/15/2003 12:00:00 AM,115151
"TSPPC115","2340000051","Land","On or below land surface, including most wells","surface soil sampling",,"N","3301 N Shirley,","Tacoma","WA","98407","PIERCE","Chambers-Clover","Southwest Regional Office",6,27,"",,,47.2782599013194,-122.510137954322,"Facility/Site Centroid","+/- 250 ft (76 m)","Unknown","",21,"N",2,"E",26,"SE","NE","",400,"FT","Unknown","Unknown","Map derived, elevation model unknown","Mean sea level (MSL)","","","","","TSP-PC",1/15/2003 12:00:00 AM,184151
"TSPPC245","0320053047","Land","On or below land surface, including most wells","surface soil sampling",,"N","1611 S Grant,","Tacoma","WA","98405","PIERCE","Puyallup-White","Southwest Regional Office",6,27,"",,,47.245577799592,-122.458628657608,"Facility/Site Centroid","+/- 250 ft (76 m)","Unknown","",20,"N",3,"E",5,"SW","","",0,"FT","Unknown","Unknown","Map derived, elevation model unknown","Mean sea level (MSL)","","","","","TSP-PC",1/15/2003 12:00:00 AM,194151
"TSPPC545","0120124007","Land","On or below land surface, including most wells","surface soil sampling",,"N","9th Ave,","Fox Island","WA","98333","PIERCE","Kitsap","Southwest Regional Office",6,26,"",,,47.2334872916465,-122.618361742963,"Unknown","+/- 10 ft (3 m)","GPS consumer unit or unknown (code phase)","",20,"N",1,"E",12,"SE","NW","",0,"FT","Unknown","Unknown","GPS consumer unit or unknown (code phase)","Mean sea level (MSL)","","","","","TSP-PC",1/15/2003 12:00:00 AM,205151
"TSPPC801","801","Land","On or below land surface, including most wells","surface soil sampling",,"N","","","WA","","PIERCE","Kitsap","Southwest Regional Office",10,28,"",,,47.1990902485398,-122.690772222754,"Unknown","+/- 10 ft (3 m)","GPS consumer unit or unknown (code phase)","",20,"N",1,"E",21,"SW","SW","",0,"FT","Unknown","Unknown","GPS consumer unit or unknown (code phase)","Mean sea level (MSL)","","","","","TSP-PC",1/15/2003 12:00:00 AM,215151
"TSPPC314","9393100430","Land","On or below land surface, including most wells","surface soil sampling",,"N","1565  Weathervane Ct,","Fircrest","WA","98466","PIERCE","Chambers-Clover","Southwest Regional Office",10,28,"",,,47.2175662618193,-122.524135746671,"Facility/Site Centroid","+/- 250 ft (76 m)","Unknown","",20,"N",2,"E",14,"SW","NW","",380,"FT","Unknown","Unknown","Map derived, elevation model unknown","Mean sea level (MSL)","","","","","TSP-PC",1/15/2003 12:00:00 AM,294151
"TSPPC604","0121146015","Land","On or below land surface, including most wells","surface soil sampling",,"N","8516  57th St NW,","Gig Harbor","WA","98335","PIERCE","Kitsap","Southwest Regional Office",6,26,"",,,47.3088707294298,-122.651789952488,"Unknown","+/- 10 ft (3 m)","GPS consumer unit or unknown (code phase)","",21,"N",1,"E",14,"NW","SW","",0,"FT","Unknown","Unknown","GPS consumer unit or unknown (code phase)","Mean sea level (MSL)","","","","","TSP-PC",1/15/2003 12:00:00 AM,305151
"TSPPC139","2032190030","Land","On or below land surface, including most wells","surface soil sampling",,"N","211 N J St,","","WA","98403","PIERCE","Chambers-Clover","Southwest Regional Office",6,27,"",,,47.2618709549342,-122.452810597983,"Facility/Site Centroid","+/- 250 ft (76 m)","Unknown","",21,"N",3,"E",32,"SW","NE","",300,"FT","Unknown","Unknown","Map derived, elevation model unknown","Mean sea level (MSL)","","","","","TSP-PC",1/15/2003 12:00:00 AM,384151
"TSPPC329","0220227023","Land","On or below land surface, including most wells","surface soil sampling",,"N","7723  Chambers Creek Rd,","Tacoma","WA","98409","PIERCE","Chambers-Clover","Southwest Regional Office",10,28,"",,,47.2037910124136,-122.542712833963,"Unknown","+/- 10 ft (3 m)","GPS consumer unit or unknown (code phase)","",20,"N",2,"E",22,"SW","","",0,"FT","Unknown","Unknown","GPS consumer unit or unknown (code phase)","Mean sea level (MSL)","","","","","TSP-PC",1/15/2003 12:00:00 AM,394151
"TSPPC617","0020042003","Land","On or below land surface, including most wells","surface soil sampling",,"N","210th St KPS,","Lakebay","WA","98349","PIERCE","Kitsap","Southwest Regional Office",6,26,"",,,47.2537522425033,-122.816657035934,"Unknown","+/- 10 ft (3 m)","GPS consumer unit or unknown (code phase)","",20,"N",1,"W",4,"NW","","",0,"FT","Unknown","Unknown","GPS consumer unit or unknown (code phase)","Mean sea level (MSL)","","","","","TSP-PC",1/15/2003 12:00:00 AM,405151
"TSPPC151","3245001240","Land","On or below land surface, including most wells","surface soil sampling",,"N","3011 N 7th,","Tacoma","WA","98406","PIERCE","Chambers-Clover","Southwest Regional Office",6,27,"",,,47.2564053036957,-122.475429644436,"Facility/Site Centroid","+/- 250 ft (76 m)","Unknown","",20,"N",3,"E",6,"NW","NE","",360,"FT","Unknown","Unknown","Map derived, elevation model unknown","Mean sea level (MSL)","","","","","TSP-PC",1/15/2003 12:00:00 AM,484151
"TSPPC362","0220161001","Land","On or below land surface, including most wells","surface soil sampling",,"N","3717  Grandview Dr,","University Place","WA","98466","PIERCE","Chambers-Clover","Southwest Regional Office",10,28,"",,,47.2248146367477,-122.548226208291,"Unknown","+/- 10 ft (3 m)","GPS consumer unit or unknown (code phase)","",20,"N",2,"E",16,"NE","NE","",0,"FT","Unknown","Unknown","GPS consumer unit or unknown (code phase)","Mean sea level (MSL)","","","","","TSP-PC",1/15/2003 12:00:00 AM,494151
"TSPPC632","0020211022","Land","On or below land surface, including most wells","surface soil sampling",,"N","Lot 4  Whiskey Beach Ct KPS,","Longbranch","WA","98351","PIERCE","Kitsap","Southwest Regional Office",6,26,"",,,47.2087728084622,-122.800931975109,"Unknown","+/- 10 ft (3 m)","GPS consumer unit or unknown (code phase)","",20,"N",1,"W",22,"NW","SW","",0,"FT","Unknown","Unknown","GPS consumer unit or unknown (code phase)","Mean sea level (MSL)","","","","","TSP-PC",1/15/2003 12:00:00 AM,505151
"TSPPC168","6235200360","Land","On or below land surface, including most wells","surface soil sampling",,"N","1220  Fernside,","Tacoma","WA","98465","PIERCE","Chambers-Clover","Southwest Regional Office",6,28,"",,,47.2488856291396,-122.540078607325,"Facility/Site Centroid","+/- 250 ft (76 m)","Unknown","",20,"N",2,"E",3,"SW","NE","",280,"FT","Unknown","Unknown","Map derived, elevation model unknown","Mean sea level (MSL)","","","","","TSP-PC",1/15/2003 12:00:00 AM,584151
"TSPPC403","6430401340","Land","On or below land surface, including most wells","surface soil sampling",,"N","7313  Onyx Dr SW,","Lakewood","WA","98498","PIERCE","Chambers-Clover","Southwest Regional Office",10,28,"",,,47.191778922211,-122.534722934147,"Facility/Site Centroid","+/- 250 ft (76 m)","Unknown","",20,"N",2,"E",27,"SE","SW","",240,"FT","Unknown","Unknown","Map derived, elevation model unknown","Mean sea level (MSL)","","","","","TSP-PC",1/15/2003 12:00:00 AM,594151
"TSPPC426","2255500570","Land","On or below land surface, including most wells","surface soil sampling",,"N","10922  110th St SW,","Tacoma","WA","98498","PIERCE","Chambers-Clover","Southwest Regional Office",10,28,"",,,47.157289987853,-122.583361236595,"Facility/Site Centroid","+/- 250 ft (76 m)","Unknown","",19,"N",2,"E",5,"SW","","",320,"FT","Unknown","Unknown","Map derived, elevation model unknown","Mean sea level (MSL)","","","","","TSP-PC",1/15/2003 12:00:00 AM,1005151
"TSPPC683","3970000052","Land","On or below land surface, including most wells","surface soil sampling",,"N","280  Fox Island Blvd,","Fox Island","WA","98333","PIERCE","Kitsap","Southwest Regional Office",6,26,"",,,47.2644249628623,-122.655166589022,"Unknown","+/- 10 ft (3 m)","GPS consumer unit or unknown (code phase)","",21,"N",1,"E",34,"SE","NE","",0,"FT","Unknown","Unknown","GPS consumer unit or unknown (code phase)","Mean sea level (MSL)","","","","","TSP-PC",1/15/2003 12:00:00 AM,1015151
"TSPPC103","2640000119","Land","On or below land surface, including most wells","surface soil sampling",,"N","4216 N Bristol,","Tacoma","WA","98407","PIERCE","Chambers-Clover","Southwest Regional Office",6,27,"",,,47.2877631423592,-122.520141582852,"Facility/Site Centroid","+/- 250 ft (76 m)","Unknown","",21,"N",2,"E",23,"SW","SE","",300,"FT","Unknown","Unknown","Map derived, elevation model unknown","Mean sea level (MSL)","","","","","TSP-PC",1/15/2003 12:00:00 AM,1084151
"TSPPC181","0221262054","Land","On or below land surface, including most wells","surface soil sampling",,"N","36th & Vassault,","Tacoma","WA","98406","PIERCE","Chambers-Clover","Southwest Regional Office",6,27,"",,,47.2808518802801,-122.522579390346,"Facility/Site Centroid","+/- 250 ft (76 m)","Unknown","",21,"N",2,"E",26,"NW","SW","",360,"FT","Unknown","Unknown","Map derived, elevation model unknown","Mean sea level (MSL)","","","","","TSP-PC",1/15/2003 12:00:00 AM,1094151
"TSPPC518","0221214014","Land","On or below land surface, including most wells","surface soil sampling",,"N","1009  38th St NW,","Gig Harbor","WA","98335","PIERCE","Kitsap","Southwest Regional Office",6,26,"",,,47.2933803853324,-122.555202521019,"Unknown","+/- 10 ft (3 m)","GPS consumer unit or unknown (code phase)","",21,"N",2,"E",21,"SE","NW","",0,"FT","Unknown","Unknown","GPS consumer unit or unknown (code phase)","Mean sea level (MSL)","","","","","TSP-PC",1/15/2003 12:00:00 AM,1105151
"TSPPC708","0022153006","Land","On or below land surface, including most wells","surface soil sampling",,"N","14917  Victor Rd KPN,","Gig Harbor","WA","","PIERCE","Kitsap","Southwest Regional Office",6,26,"",,,47.3933106147174,-122.800749411496,"Unknown","+/- 10 ft (3 m)","GPS consumer unit or unknown (code phase)","",22,"N",1,"W",15,"SW","NW","",0,"FT","Unknown","Unknown","GPS consumer unit or unknown (code phase)","Mean sea level (MSL)","","","","","TSP-PC",1/15/2003 12:00:00 AM,1115151
"TSPPC118","6500000081","Land","On or below land surface, including most wells","surface soil sampling",,"N","1123 N 28th St,","Tacoma","WA","98403","PIERCE","Chambers-Clover","Southwest Regional Office",6,27,"",,,47.2731907807861,-122.462451007795,"Facility/Site Centroid","+/- 250 ft (76 m)","Unknown","",21,"N",3,"E",29,"SW","SW","",100,"FT","Unknown","Unknown","Map derived, elevation model unknown","Mean sea level (MSL)","","","","","TSP-PC",1/15/2003 12:00:00 AM,1184151
"TSPPC247","4135000740","Land","On or below land surface, including most wells","surface soil sampling",,"N","3602 N Gove St,","Tacoma","WA","98407","PIERCE","Chambers-Clover","Southwest Regional Office",6,27,"",,,47.2807363398844,-122.500235661493,"Facility/Site Centroid","+/- 250 ft (76 m)","Unknown","",21,"N",2,"E",25,"NW","SW","",0,"FT","Unknown","Unknown","Map derived, elevation model unknown","Mean sea level (MSL)","","","","","TSP-PC",1/15/2003 12:00:00 AM,1194151
"TSPPC546","0220182000","Land","On or below land surface, including most wells","surface soil sampling",,"N","1410  11th Ave FI,","Fox Island","WA","98333","PIERCE","Kitsap","Southwest Regional Office",6,26,"",,,47.2272641360263,-122.60527154052,"Facility/Site Centroid","+/- 250 ft (76 m)","Unknown","",20,"N",2,"E",18,"NW","NE","",260,"FT","Unknown","Unknown","Map derived, elevation model unknown","Mean sea level (MSL)","","","","","TSP-PC",1/15/2003 12:00:00 AM,1205151
"TSPPC802","802","Land","On or below land surface, including most wells","surface soil sampling",,"N","","","WA","","PIERCE","Kitsap","Southwest Regional Office",10,28,"",,,47.205829230107,-122.678193624291,"Unknown","+/- 10 ft (3 m)","GPS consumer unit or unknown (code phase)","",20,"N",1,"E",21,"SE","NE","",0,"FT","Unknown","Unknown","GPS consumer unit or unknown (code phase)","Mean sea level (MSL)","","","","","TSP-PC",1/15/2003 12:00:00 AM,1215151
"TSPPC128","2039120050","Land","On or below land surface, including most wells","surface soil sampling",,"N","906  Tacoma Ave N,","Tacoma","WA","98403","PIERCE","Chambers-Clover","Southwest Regional Office",6,27,"",,,47.2680490803726,-122.460135446092,"Facility/Site Centroid","+/- 250 ft (76 m)","Unknown","",21,"N",3,"E",32,"NW","SW","",200,"FT","Unknown","Unknown","Map derived, elevation model unknown","Mean sea level (MSL)","","","","","TSP-PC",1/15/2003 12:00:00 AM,1284151
"TSPPC315","5450300190","Land","On or below land surface, including most wells","surface soil sampling",,"N","4419  77th AvCt W,","University Place","WA","98466","PIERCE","Chambers-Clover","Southwest Regional Office",10,28,"",,,47.2164845055058,-122.54002185171,"Facility/Site Centroid","+/- 250 ft (76 m)","Unknown","",20,"N",2,"E",15,"SW","SE","",420,"FT","Unknown","Unknown","Map derived, elevation model unknown","Mean sea level (MSL)","","","","","TSP-PC",1/15/2003 12:00:00 AM,1294151
"TSPPC605","0121164016","Land","On or below land surface, including most wells","surface soil sampling",,"N","56th St NW,","Gig Harbor","WA","98332","PIERCE","Kitsap","Southwest Regional Office",6,26,"",,,47.2980018446813,-122.623800081168,"Unknown","+/- 10 ft (3 m)","GPS consumer unit or unknown (code phase)","",21,"N",1,"E",24,"NW","NE","",0,"FT","Unknown","Unknown","GPS consumer unit or unknown (code phase)","Mean sea level (MSL)","","","","","TSP-PC",1/15/2003 12:00:00 AM,1305151
"TSPPC140","2037260040","Land","On or below land surface, including most wells","surface soil sampling",,"N","714 N M St,","Tacoma","WA","98403","PIERCE","Chambers-Clover","Southwest Regional Office",6,27,"",,,47.260982145494,-122.462132902339,"Facility/Site Centroid","+/- 250 ft (76 m)","Unknown","",21,"N",3,"E",32,"SW","SW","",360,"FT","Unknown","Unknown","Map derived, elevation model unknown","Mean sea level (MSL)","","","","","TSP-PC",1/15/2003 12:00:00 AM,1384151
"TSPPC331","0220213008","Land","On or below land surface, including most wells","surface soil sampling",,"N","9221  Chambers Creek Dr,","Tacoma","WA","98467","PIERCE","Chambers-Clover","Southwest Regional Office",10,28,"",,,47.2034095147889,-122.557978684636,"Unknown","+/- 10 ft (3 m)","GPS consumer unit or unknown (code phase)","",20,"N",2,"E",21,"SE","NW","",0,"FT","Unknown","Unknown","GPS consumer unit or unknown (code phase)","Mean sea level (MSL)","","","","","TSP-PC",1/15/2003 12:00:00 AM,1394151
"TSPPC618","0020013008","Land","On or below land surface, including most wells","surface soil sampling",,"N","158th Ave KPS,","Lakebay","WA","98349","PIERCE","Kitsap","Southwest Regional Office",6,26,"",,,47.2434860301892,-122.748363038867,"Unknown","+/- 10 ft (3 m)","GPS consumer unit or unknown (code phase)","",20,"N",1,"W",1,"SE","SW","",0,"FT","Unknown","Unknown","GPS consumer unit or unknown (code phase)","Mean sea level (MSL)","","","","","TSP-PC",1/15/2003 12:00:00 AM,1405151
"TSPPC383","4700001130","Land","On or below land surface, including most wells","surface soil sampling",,"N","5032  Tok-a-lou Dr,","","WA","98422","PIERCE","Puyallup-White","Southwest Regional Office",9,27,"",,,47.3035766907985,-122.444393055455,"Facility/Site Centroid","+/- 250 ft (76 m)","Unknown","",,"",,"",,"","","",20,"FT","Unknown","Unknown","Map derived, elevation model unknown","Mean sea level (MSL)","","","","","TSP-PC",1/15/2003 12:00:00 AM,1494151
"TSPPC633","633","Land","On or below land surface, including most wells","surface soil sampling",,"N","","","WA","","PIERCE","Kitsap","Southwest Regional Office",10,28,"",,,47.1971267076108,-122.684304692054,"Unknown","+/- 10 ft (3 m)","GPS consumer unit or unknown (code phase)","",20,"N",1,"E",28,"NE","NW","",0,"FT","Unknown","Unknown","GPS consumer unit or unknown (code phase)","Mean sea level (MSL)","","","","","TSP-PC",1/15/2003 12:00:00 AM,1505151
"TSPPC169","0220044309","Land","On or below land surface, including most wells","surface soil sampling",,"N","8366  6th Ave,","Tacoma","WA","98465","PIERCE","Chambers-Clover","Southwest Regional Office",6,28,"",,,47.2481683555352,-122.548192527883,"Facility/Site Centroid","+/- 250 ft (76 m)","Unknown","",20,"N",2,"E",44,"NE","NE","",40,"FT","Unknown","Unknown","Map derived, elevation model unknown","Mean sea level (MSL)","","","","","TSP-PC",1/15/2003 12:00:00 AM,1584151
"TSPPC409","0220341181","Land","On or below land surface, including most wells","surface soil sampling",,"N","8516  Woodbourne Rd,","Lakewood","WA","98499","PIERCE","Chambers-Clover","Southwest Regional Office",10,28,"",,,47.1803707674064,-122.53058694292,"Facility/Site Centroid","+/- 250 ft (76 m)","Unknown","",20,"N",2,"E",42,"NE","","",240,"FT","Unknown","Unknown","Map derived, elevation model unknown","Mean sea level (MSL)","","","","","TSP-PC",1/15/2003 12:00:00 AM,1594151
"TSPPC441","5460000240","Land","On or below land surface, including most wells","surface soil sampling",,"N","6948 S Stevens St,","Tacoma","WA","98409","PIERCE","Chambers-Clover","Southwest Regional Office",6,29,"",,,47.1939825922185,-122.495732861884,"Facility/Site Centroid","+/- 250 ft (76 m)","Unknown","",20,"N",2,"E",38,"SE","SW","",260,"FT","Unknown","Unknown","Map derived, elevation model unknown","Mean sea level (MSL)","","","","","TSP-PC",1/15/2003 12:00:00 AM,2005151
"TSPPC687","0120324010","Land","On or below land surface, including most wells","surface soil sampling",,"N","12511  Yoman Rd,","Anderson Island","WA","98303","PIERCE","Kitsap","Southwest Regional Office",10,28,"",,,47.1743718426159,-122.706091580252,"Unknown","+/- 10 ft (3 m)","GPS consumer unit or unknown (code phase)","",20,"N",1,"E",32,"SE","NW","",0,"FT","Unknown","Unknown","GPS consumer unit or unknown (code phase)","Mean sea level (MSL)","","","","","TSP-PC",1/15/2003 12:00:00 AM,2015151
"TSPPC105","5205000380","Land","On or below land surface, including most wells","surface soil sampling",,"N","3809 N Adams St,","Tacoma","WA","98407","PIERCE","Chambers-Clover","Southwest Regional Office",6,27,"",,,47.2828233107413,-122.486794334408,"Facility/Site Centroid","+/- 250 ft (76 m)","Unknown","",21,"N",2,"E",25,"NE","SE","",240,"FT","Unknown","Unknown","Map derived, elevation model unknown","Mean sea level (MSL)","","","","","TSP-PC",1/15/2003 12:00:00 AM,2084151
"TSPPC203","4485001350","Land","On or below land surface, including most wells","surface soil sampling",,"N","820 S Howard,","Tacoma","WA","98465","PIERCE","Chambers-Clover","Southwest Regional Office",6,28,"",,,47.2528888718388,-122.530369551742,"Facility/Site Centroid","+/- 250 ft (76 m)","Unknown","",20,"N",2,"E",3,"NE","SE","",360,"FT","Unknown","Unknown","Map derived, elevation model unknown","Mean sea level (MSL)","","","","","TSP-PC",1/15/2003 12:00:00 AM,2094151
"TSPPC521","0221194047","Land","On or below land surface, including most wells","surface soil sampling",,"N","3618  Olson Dr NW,","Gig Harbor","WA","98335","PIERCE","Kitsap","Southwest Regional Office",6,26,"",,,47.2916668389287,-122.594994769366,"Unknown","+/- 10 ft (3 m)","GPS consumer unit or unknown (code phase)","",21,"N",2,"E",19,"SE","","",0,"FT","Unknown","Unknown","GPS consumer unit or unknown (code phase)","Mean sea level (MSL)","","","","","TSP-PC",1/15/2003 12:00:00 AM,2105151
"TSPPC710","0222191000","Land","On or below land surface, including most wells","surface soil sampling",,"N","136th St NW,","Gig Harbor","WA","98335","PIERCE","Kitsap","Southwest Regional Office",6,26,"",,,47.381976745327,-122.593631205988,"Unknown","+/- 10 ft (3 m)","GPS consumer unit or unknown (code phase)","",22,"N",2,"E",19,"NE","SE","",0,"FT","Unknown","Unknown","GPS consumer unit or unknown (code phase)","Mean sea level (MSL)","","","","","TSP-PC",1/15/2003 12:00:00 AM,2115151
"TSPPC119","8910002000","Land","On or below land surface, including most wells","surface soil sampling",,"N","2320 N 28th,","Tacoma","WA","98403","PIERCE","Chambers-Clover","Southwest Regional Office",6,27,"",,,47.2726194787814,-122.4679959985,"Facility/Site Centroid","+/- 250 ft (76 m)","Unknown","",21,"N",3,"E",30,"SE","SW","",100,"FT","Unknown","Unknown","Map derived, elevation model unknown","Mean sea level (MSL)","","","","","TSP-PC",1/15/2003 12:00:00 AM,2184151
"TSPPC299","5945500160","Land","On or below land surface, including most wells","surface soil sampling",,"N","2440 N Lenore,","Tacoma","WA","98406","PIERCE","Chambers-Clover","Southwest Regional Office",6,27,"",,,47.2708672353964,-122.527781212896,"Facility/Site Centroid","+/- 250 ft (76 m)","Unknown","",21,"N",2,"E",34,"NE","NE","",360,"FT","Unknown","Unknown","Map derived, elevation model unknown","Mean sea level (MSL)","","","","","TSP-PC",1/15/2003 12:00:00 AM,2194151
"TSPPC547","7545000016","Land","On or below land surface, including most wells","surface soil sampling",,"N","Pilchuck Rd,","Fox Island","WA","98333","PIERCE","Kitsap","Southwest Regional Office",6,26,"",,,47.2244202454148,-122.613346463722,"Unknown","+/- 10 ft (3 m)","GPS consumer unit or unknown (code phase)","",20,"N",1,"E",13,"NE","SE","",0,"FT","Unknown","Unknown","GPS consumer unit or unknown (code phase)","Mean sea level (MSL)","","","","","TSP-PC",1/15/2003 12:00:00 AM,2205151
"TSPPC803","803","Land","On or below land surface, including most wells","surface soil sampling",,"N","","","WA","","PIERCE","Kitsap","Southwest Regional Office",10,28,"",,,47.2025368632686,-122.647784873865,"Unknown","+/- 10 ft (3 m)","GPS consumer unit or unknown (code phase)","",20,"N",1,"E",23,"SW","","",0,"FT","Unknown","Unknown","GPS consumer unit or unknown (code phase)","Mean sea level (MSL)","","","","","TSP-PC",1/15/2003 12:00:00 AM,2215151
"TSPPC130","2290001450","Land","On or below land surface, including most wells","surface soil sampling",,"N","1901 N Alder St,","Tacoma","WA","98406","PIERCE","Chambers-Clover","Southwest Regional Office",6,27,"",,,47.2660172380429,-122.477458723877,"Facility/Site Centroid","+/- 250 ft (76 m)","Unknown","",21,"N",3,"E",31,"NW","SE","",320,"FT","Unknown","Unknown","Map derived, elevation model unknown","Mean sea level (MSL)","","","","","TSP-PC",1/15/2003 12:00:00 AM,2284151
"TSPPC316","4430300740","Land","On or below land surface, including most wells","surface soil sampling",,"N","8505  43rd St W,","University Place","WA","98466","PIERCE","Chambers-Clover","Southwest Regional Office",10,28,"",,,47.2183237336402,-122.550198902488,"Facility/Site Centroid","+/- 250 ft (76 m)","Unknown","",20,"N",2,"E",16,"SE","NE","",380,"FT","Unknown","Unknown","Map derived, elevation model unknown","Mean sea level (MSL)","","","","","TSP-PC",1/15/2003 12:00:00 AM,2294151
"TSPPC606","0121246012","Land","On or below land surface, including most wells","surface soil sampling",,"N","6328  Artondale Dr NW,","Gig Harbor","WA","98335","PIERCE","Kitsap","Southwest Regional Office",6,26,"",,,47.2991251646378,-122.62354818496,"Facility/Site Centroid","+/- 250 ft (76 m)","Unknown","",21,"N",1,"E",24,"NW","NE","",60,"FT","Unknown","Unknown","Map derived, elevation model unknown","Mean sea level (MSL)","","","","","TSP-PC",1/15/2003 12:00:00 AM,2305151
"TSPPC142","3125000200","Land","On or below land surface, including most wells","surface soil sampling",,"N","1201 N Alder,","Tacoma","WA","98406","PIERCE","Chambers-Clover","Southwest Regional Office",6,27,"",,,47.2610513946133,-122.477509967244,"Facility/Site Centroid","+/- 250 ft (76 m)","Unknown","",21,"N",3,"E",31,"SW","","",340,"FT","Unknown","Unknown","Map derived, elevation model unknown","Mean sea level (MSL)","","","","","TSP-PC",1/15/2003 12:00:00 AM,2384151
"TSPPC341","5750000162","Land","On or below land surface, including most wells","surface soil sampling",,"N","3121  Meeker Ave NE,","Tacoma","WA","98422","PIERCE","Puyallup-White","Southwest Regional Office",9,27,"",,,47.2852414583244,-122.383225941503,"Facility/Site Centroid","+/- 250 ft (76 m)","Unknown","",21,"N",3,"E",26,"NE","NW","",440,"FT","Unknown","Unknown","Map derived, elevation model unknown","Mean sea level (MSL)","","","","","TSP-PC",1/15/2003 12:00:00 AM,2394151
"TSPPC620","0020033012","Land","On or below land surface, including most wells","surface soil sampling",,"N","Webb Rd,","Lakebay","WA","98349","PIERCE","Kitsap","Southwest Regional Office",6,26,"",,,47.2447889477242,-122.793724066694,"Unknown","+/- 10 ft (3 m)","GPS consumer unit or unknown (code phase)","",20,"N",1,"W",3,"SW","SE","",0,"FT","Unknown","Unknown","GPS consumer unit or unknown (code phase)","Mean sea level (MSL)","","","","","TSP-PC",1/15/2003 12:00:00 AM,2405151
"TSPPC152","2545100750","Land","On or below land surface, including most wells","surface soil sampling",,"N","3623 N 7th,","Tacoma","WA","98406","PIERCE","Chambers-Clover","Southwest Regional Office",6,27,"",,,47.2564171226147,-122.484875406496,"Facility/Site Centroid","+/- 250 ft (76 m)","Unknown","",20,"N",2,"E",1,"NE","NE","",380,"FT","Unknown","Unknown","Map derived, elevation model unknown","Mean sea level (MSL)","","","","","TSP-PC",1/15/2003 12:00:00 AM,2484151
"TSPPC384","7515200720","Land","On or below land surface, including most wells","surface soil sampling",,"N","5714  Sealawn Ave NE,","Tacoma","WA","98422","PIERCE","Puyallup-White","Southwest Regional Office",9,27,"",,,47.3076816902013,-122.428928924952,"Facility/Site Centroid","+/- 250 ft (76 m)","Unknown","",21,"N",3,"E",16,"","","",240,"FT","Unknown","Unknown","Map derived, elevation model unknown","Mean sea level (MSL)","","","","","TSP-PC",1/15/2003 12:00:00 AM,2494151
"TSPPC635","2100030080","Land","On or below land surface, including most wells","surface soil sampling",,"N","6909  190th Ave KPS,","Longbranch","WA","98351","PIERCE","Kitsap","Southwest Regional Office",6,26,"",,,47.1941392973115,-122.791737611333,"Unknown","+/- 10 ft (3 m)","GPS consumer unit or unknown (code phase)","",20,"N",1,"W",27,"NW","SE","",0,"FT","Unknown","Unknown","GPS consumer unit or unknown (code phase)","Mean sea level (MSL)","","","","","TSP-PC",1/15/2003 12:00:00 AM,2505151
"TSPPC101","3450000512","Land","On or below land surface, including most wells","surface soil sampling",,"N","5043 N Bristol,","Tacoma","WA","98407","PIERCE","Chambers-Clover","Southwest Regional Office",6,27,"",,,47.297767467988,-122.51924303755,"Facility/Site Centroid","+/- 250 ft (76 m)","Unknown","",21,"N",2,"E",23,"NW","","",200,"FT","Unknown","Unknown","Map derived, elevation model unknown","Mean sea level (MSL)","","","","","TSP-PC",1/15/2003 12:00:00 AM,2574151
"TSPPC171","0320063049","Land","On or below land surface, including most wells","surface soil sampling",,"N","3117 S 17th St,","Tacoma","WA","98405","PIERCE","Chambers-Clover","Southwest Regional Office",6,27,"",,,47.2450029167255,-122.477303747479,"Facility/Site Centroid","+/- 250 ft (76 m)","Unknown","",20,"N",3,"E",6,"SW","SE","",360,"FT","Unknown","Unknown","Map derived, elevation model unknown","Mean sea level (MSL)","","","","","TSP-PC",1/15/2003 12:00:00 AM,2584151
"TSPPC411","0220283027","Land","On or below land surface, including most wells","surface soil sampling",,"N","","Lakewood","WA","98498","PIERCE","Chambers-Clover","Southwest Regional Office",10,28,"",,,47.1850354787334,-122.56601227204,"Unknown","+/- 10 ft (3 m)","GPS consumer unit or unknown (code phase)","",20,"N",2,"E",43,"SE","","",0,"FT","Unknown","Unknown","GPS consumer unit or unknown (code phase)","Mean sea level (MSL)","","","","","TSP-PC",1/15/2003 12:00:00 AM,2594151
"TSPPC442","5030002491","Land","On or below land surface, including most wells","surface soil sampling",,"N","10409  Brook Ln SW,","Lakewood","WA","98499","PIERCE","Chambers-Clover","Southwest Regional Office",10,28,"",,,47.1633988344783,-122.5274810921,"Facility/Site Centroid","+/- 250 ft (76 m)","Unknown","",19,"N",2,"E",3,"NE","SE","",220,"FT","Unknown","Unknown","Map derived, elevation model unknown","Mean sea level (MSL)","","","","","TSP-PC",1/15/2003 12:00:00 AM,3005151
"TSPPC690","3000350050","Land","On or below land surface, including most wells","surface soil sampling",,"N","7831  31st StCt NW,","Gig Harbor","WA","98335","PIERCE","Kitsap","Southwest Regional Office",6,26,"",,,47.286076699287,-122.644243152005,"Unknown","+/- 10 ft (3 m)","GPS consumer unit or unknown (code phase)","",21,"N",1,"E",26,"NW","NE","",0,"FT","Unknown","Unknown","GPS consumer unit or unknown (code phase)","Mean sea level (MSL)","","","","","TSP-PC",1/15/2003 12:00:00 AM,3015151
"TSPPC106","5515000480","Land","On or below land surface, including most wells","surface soil sampling",,"N","4220 N 38th St,","Tacoma","WA","98407","PIERCE","Chambers-Clover","Southwest Regional Office",6,27,"",,,47.2819469689082,-122.493673190794,"Facility/Site Centroid","+/- 250 ft (76 m)","Unknown","",21,"N",2,"E",25,"NE","SW","",280,"FT","Unknown","Unknown","Map derived, elevation model unknown","Mean sea level (MSL)","","","","","TSP-PC",1/15/2003 12:00:00 AM,3084151
"TSPPC524","9999999999","Land","On or below land surface, including most wells","surface soil sampling",,"N","2319  Pt. Fosdick Dr,","Gig Harbor","WA","98332","PIERCE","Kitsap","Southwest Regional Office",6,26,"",,,47.2848829809968,-122.570379477767,"Unknown","+/- 10 ft (3 m)","GPS consumer unit or unknown (code phase)","",21,"N",2,"E",29,"NE","NE","",0,"FT","Unknown","Unknown","GPS consumer unit or unknown (code phase)","Mean sea level (MSL)","","","","","TSP-PC",1/15/2003 12:00:00 AM,3105151
"TSPPC711","2619500100","Land","On or below land surface, including most wells","surface soil sampling",,"N","134TH StCt NW,","Wauna","WA","98332","PIERCE","Kitsap","Southwest Regional Office",6,26,"",,,47.3812758784773,-122.66742818849,"Unknown","+/- 10 ft (3 m)","GPS consumer unit or unknown (code phase)","",22,"N",1,"E",22,"SW","NE","",0,"FT","Unknown","Unknown","GPS consumer unit or unknown (code phase)","Mean sea level (MSL)","","","","","TSP-PC",1/15/2003 12:00:00 AM,3115151
"TSPPC120","8945002730","Land","On or below land surface, including most wells","surface soil sampling",,"N","2712  Cedar St,","Tacoma","WA","98407","PIERCE","Chambers-Clover","Southwest Regional Office",6,27,"",,,47.2724748432624,-122.476555466665,"Facility/Site Centroid","+/- 250 ft (76 m)","Unknown","",21,"N",3,"E",30,"SW","SE","",300,"FT","Unknown","Unknown","Map derived, elevation model unknown","Mean sea level (MSL)","","","","","TSP-PC",1/15/2003 12:00:00 AM,3184151
"TSPPC304","0220102006","Land","On or below land surface, including most wells","surface soil sampling",,"N","2409  78th Ave W,","University Place","WA","98466","PIERCE","Chambers-Clover","Southwest Regional Office",10,28,"",,,47.2377077502512,-122.540643701421,"Facility/Site Centroid","+/- 250 ft (76 m)","Unknown","",20,"N",2,"E",10,"NW","SE","",300,"FT","Unknown","Unknown","Map derived, elevation model unknown","Mean sea level (MSL)","","","","","TSP-PC",1/15/2003 12:00:00 AM,3194151
"TSPPC550","5875000343","Land","On or below land surface, including most wells","surface soil sampling",,"N","Fox Dr,","Fox Island","WA","98333","PIERCE","Kitsap","Southwest Regional Office",6,26,"",,,47.2579601723863,-122.63548982339,"Unknown","+/- 10 ft (3 m)","GPS consumer unit or unknown (code phase)","",21,"N",1,"E",35,"SE","SE","",0,"FT","Unknown","Unknown","GPS consumer unit or unknown (code phase)","Mean sea level (MSL)","","","","","TSP-PC",1/15/2003 12:00:00 AM,3205151
"TSPPC804","0119331003","Land","On or below land surface, including most wells","surface soil sampling",,"N","Palisade Blvd,","DuPont","WA","98327","PIERCE","Nisqually","Southwest Regional Office",10,28,"",,,47.0915057097057,-122.675967930679,"Unknown","+/- 10 ft (3 m)","GPS consumer unit or unknown (code phase)","",19,"N",1,"E",33,"NE","SE","",0,"FT","Unknown","Unknown","GPS consumer unit or unknown (code phase)","Mean sea level (MSL)","","","","","TSP-PC",1/15/2003 12:00:00 AM,3215151
"TSPPC131","7475023400","Land","On or below land surface, including most wells","surface soil sampling",,"N","3701 N 18th,","Tacoma","WA","98406","PIERCE","Chambers-Clover","Southwest Regional Office",6,27,"",,,47.265763626366,-122.486002701255,"Facility/Site Centroid","+/- 250 ft (76 m)","Unknown","",21,"N",2,"E",36,"NE","SE","",360,"FT","Unknown","Unknown","Map derived, elevation model unknown","Mean sea level (MSL)","","","","","TSP-PC",1/15/2003 12:00:00 AM,3284151
"TSPPC317","7720001580","Land","On or below land surface, including most wells","surface soil sampling",,"N","4307  Palisades Pl W,","University Place","WA","98466","PIERCE","Chambers-Clover","Southwest Regional Office",10,28,"",,,47.2180092871945,-122.565329409364,"Facility/Site Centroid","+/- 250 ft (76 m)","Unknown","",20,"N",2,"E",16,"SW","NW","",260,"FT","Unknown","Unknown","Map derived, elevation model unknown","Mean sea level (MSL)","","","","","TSP-PC",1/15/2003 12:00:00 AM,3294151
"TSPPC607","0121236065","Land","On or below land surface, including most wells","surface soil sampling",,"N","west  80th Ave NW,","Gig Harbor","WA","98335","PIERCE","Kitsap","Southwest Regional Office",6,26,"",,,47.2982365153436,-122.647150306619,"Unknown","+/- 10 ft (3 m)","GPS consumer unit or unknown (code phase)","",21,"N",1,"E",23,"NW","","",0,"FT","Unknown","Unknown","GPS consumer unit or unknown (code phase)","Mean sea level (MSL)","","","","","TSP-PC",1/15/2003 12:00:00 AM,3305151
"TSPPC143","7475033690","Land","On or below land surface, including most wells","surface soil sampling",,"N","3719 N 12th St,","Tacoma","WA","98406","PIERCE","Chambers-Clover","Southwest Regional Office",6,27,"",,,47.2611340582909,-122.486576153496,"Facility/Site Centroid","+/- 250 ft (76 m)","Unknown","",21,"N",2,"E",36,"SE","SE","",360,"FT","Unknown","Unknown","Map derived, elevation model unknown","Mean sea level (MSL)","","","","","TSP-PC",1/15/2003 12:00:00 AM,3384151
"TSPPC346","0321211027","Land","On or below land surface, including most wells","surface soil sampling",,"N","1531  49th St NE,","Tacoma","WA","98422","PIERCE","Puyallup-White","Southwest Regional Office",9,27,"",,,47.3009824674061,-122.426199287883,"Facility/Site Centroid","+/- 250 ft (76 m)","Unknown","",21,"N",3,"E",21,"NE","NW","",340,"FT","Unknown","Unknown","Map derived, elevation model unknown","Mean sea level (MSL)","","","","","TSP-PC",1/15/2003 12:00:00 AM,3394151
"TSPPC621","0020047005","Land","On or below land surface, including most wells","surface soil sampling",,"N","Tiedman Rd KPS,","Lakebay","WA","98349","PIERCE","Kitsap","Southwest Regional Office",6,26,"",,,47.2440348669866,-122.817113944396,"Unknown","+/- 10 ft (3 m)","GPS consumer unit or unknown (code phase)","",20,"N",1,"W",4,"SW","SE","",0,"FT","Unknown","Unknown","GPS consumer unit or unknown (code phase)","Mean sea level (MSL)","","","","","TSP-PC",1/15/2003 12:00:00 AM,3405151
"TSPPC153","7645000080","Land","On or below land surface, including most wells","surface soil sampling",,"N","4108 N 7th,","Tacoma","WA","98406","PIERCE","Chambers-Clover","Southwest Regional Office",6,27,"",,,47.255929675077,-122.492145766146,"Facility/Site Centroid","+/- 250 ft (76 m)","Unknown","",20,"N",2,"E",1,"NE","NW","",360,"FT","Unknown","Unknown","Map derived, elevation model unknown","Mean sea level (MSL)","","","","","TSP-PC",1/15/2003 12:00:00 AM,3484151
"TSPPC388","7515000340","Land","On or below land surface, including most wells","surface soil sampling",,"N","1502  55th St NE,","Tacoma","WA","98422","PIERCE","Puyallup-White","Southwest Regional Office",9,27,"",,,47.306326584663,-122.426576508907,"Facility/Site Centroid","+/- 250 ft (76 m)","Unknown","",21,"N",3,"E",16,"SE","NW","",340,"FT","Unknown","Unknown","Map derived, elevation model unknown","Mean sea level (MSL)","","","","","TSP-PC",1/15/2003 12:00:00 AM,3494151
"TSPPC637","0120322001","Land","On or below land surface, including most wells","surface soil sampling",,"N","8615  Higgins Cove Rd AI,","Anderson Island","WA","98303","PIERCE","Kitsap","Southwest Regional Office",10,28,"",,,47.1787405124572,-122.716040747775,"Unknown","+/- 10 ft (3 m)","GPS consumer unit or unknown (code phase)","",20,"N",1,"E",32,"NW","SW","",0,"FT","Unknown","Unknown","GPS consumer unit or unknown (code phase)","Mean sea level (MSL)","","","","","TSP-PC",1/15/2003 12:00:00 AM,3505151
"TSPPC173","7200002030","Land","On or below land surface, including most wells","surface soil sampling",,"N","1624 S Monroe St,","Tacoma","WA","98405","PIERCE","Chambers-Clover","Southwest Regional Office",6,27,"",,,47.245211924652,-122.492070746228,"Facility/Site Centroid","+/- 250 ft (76 m)","Unknown","",20,"N",2,"E",1,"SE","SW","",360,"FT","Unknown","Unknown","Map derived, elevation model unknown","Mean sea level (MSL)","","","","","TSP-PC",1/15/2003 12:00:00 AM,3584151
"TSPPC415","6450000600","Land","On or below land surface, including most wells","surface soil sampling",,"N","9611  Seeley Lake Dr SW,","Lakewood","WA","98499","PIERCE","Chambers-Clover","Southwest Regional Office",10,29,"",,,47.1696142771824,-122.510638489528,"Facility/Site Centroid","+/- 250 ft (76 m)","Unknown","",19,"N",2,"E",2,"NE","NW","",260,"FT","Unknown","Unknown","Map derived, elevation model unknown","Mean sea level (MSL)","","","","","TSP-PC",1/15/2003 12:00:00 AM,3594151
"TSPPC444","3325000050","Land","On or below land surface, including most wells","surface soil sampling",,"N","102  Crestwood Dr SW,","Lakewood","WA","98498","PIERCE","Chambers-Clover","Southwest Regional Office",10,28,"",,,47.1659496411639,-122.557732813635,"Facility/Site Centroid","+/- 250 ft (76 m)","Unknown","",19,"N",2,"E",4,"NE","SW","",360,"FT","Unknown","Unknown","Map derived, elevation model unknown","Mean sea level (MSL)","","","","","TSP-PC",1/15/2003 12:00:00 AM,4005151
"TSPPC696","696","Land","On or below land surface, including most wells","surface soil sampling",,"N","","","WA","","PIERCE","Chambers-Clover","Southwest Regional Office",10,28,"",,,47.1501265456576,-122.584796165379,"Unknown","+/- 10 ft (3 m)","GPS consumer unit or unknown (code phase)","",19,"N",2,"E",8,"NW","SW","",0,"FT","Unknown","Unknown","GPS consumer unit or unknown (code phase)","Mean sea level (MSL)","","","","","TSP-PC",1/15/2003 12:00:00 AM,4015151
"TSPPC107","7510000280","Land","On or below land surface, including most wells","surface soil sampling",,"N","4711 N 38th St,","Tacoma","WA","98407","PIERCE","Chambers-Clover","Southwest Regional Office",6,27,"",,,47.2835285755225,-122.500384396435,"Facility/Site Centroid","+/- 250 ft (76 m)","Unknown","",21,"N",2,"E",25,"NW","","",320,"FT","Unknown","Unknown","Map derived, elevation model unknown","Mean sea level (MSL)","","","","","TSP-PC",1/15/2003 12:00:00 AM,4084151
"TSPPC525","0221291050","Land","On or below land surface, including most wells","surface soil sampling",,"N","Pt. Fosdick Rd FI,","Gig Harbor","WA","98335","PIERCE","Kitsap","Southwest Regional Office",6,26,"",,,47.2907455935517,-122.574961375324,"Unknown","+/- 10 ft (3 m)","GPS consumer unit or unknown (code phase)","",21,"N",2,"E",20,"SE","","",0,"FT","Unknown","Unknown","GPS consumer unit or unknown (code phase)","Mean sea level (MSL)","","","","","TSP-PC",1/15/2003 12:00:00 AM,4105151
"TSPPC713","0122193045","Land","On or below land surface, including most wells","surface soil sampling",,"N","14719  Elgin-Clifton Rd KPN,","Gig Harbor","WA","","PIERCE","Kitsap","Southwest Regional Office",6,26,"",,,47.378701496968,-122.732164710205,"Unknown","+/- 10 ft (3 m)","GPS consumer unit or unknown (code phase)","",22,"N",1,"E",19,"SW","","",0,"FT","Unknown","Unknown","GPS consumer unit or unknown (code phase)","Mean sea level (MSL)","","","","","TSP-PC",1/15/2003 12:00:00 AM,4115151
"TSPPC121","7040000480","Land","On or below land surface, including most wells","surface soil sampling",,"N","2805 N Washington St,","Tacoma","WA","98407","PIERCE","Chambers-Clover","Southwest Regional Office",6,27,"",,,47.2732850809026,-122.485206286785,"Facility/Site Centroid","+/- 250 ft (76 m)","Unknown","",21,"N",2,"E",25,"SE","SE","",320,"FT","Unknown","Unknown","Map derived, elevation model unknown","Mean sea level (MSL)","","","","","TSP-PC",1/15/2003 12:00:00 AM,4184151
"TSPPC306","5270000320","Land","On or below land surface, including most wells","surface soil sampling",,"N","9  Clark Pl,","Tacoma","WA","98409","PIERCE","Chambers-Clover","Southwest Regional Office",6,29,"",,,47.2280142504951,-122.472793465762,"Facility/Site Centroid","+/- 250 ft (76 m)","Unknown","",20,"N",3,"E",18,"NE","NW","",300,"FT","Unknown","Unknown","Map derived, elevation model unknown","Mean sea level (MSL)","","","","","TSP-PC",1/15/2003 12:00:00 AM,4194151
"TSPPC565","0221327028","Land","On or below land surface, including most wells","surface soil sampling",,"N","410  33rd St NW,","Gig Harbor","WA","98335","PIERCE","Kitsap","Southwest Regional Office",6,26,"",,,47.262102990274,-122.584016906395,"Unknown","+/- 10 ft (3 m)","GPS consumer unit or unknown (code phase)","",21,"N",2,"E",32,"SW","","",0,"FT","Unknown","Unknown","GPS consumer unit or unknown (code phase)","Mean sea level (MSL)","","","","","TSP-PC",1/15/2003 12:00:00 AM,4205151
"TSPPC132","7475022970","Land","On or below land surface, including most wells","surface soil sampling",,"N","4121 N 18th St,","Tacoma","WA","98406","PIERCE","Chambers-Clover","Southwest Regional Office",6,27,"",,,47.2657470201512,-122.492828087273,"Facility/Site Centroid","+/- 250 ft (76 m)","Unknown","",21,"N",2,"E",36,"NE","SW","",360,"FT","Unknown","Unknown","Map derived, elevation model unknown","Mean sea level (MSL)","","","","","TSP-PC",1/15/2003 12:00:00 AM,4284151
"TSPPC319","0220242093","Land","On or below land surface, including most wells","surface soil sampling",,"N","S 52nd,","Tacoma","WA","","PIERCE","Chambers-Clover","Southwest Regional Office",6,29,"",,,47.2111349731262,-122.499450988867,"Facility/Site Centroid","+/- 250 ft (76 m)","Unknown","",20,"N",2,"E",24,"NW","SE","",300,"FT","Unknown","Unknown","Map derived, elevation model unknown","Mean sea level (MSL)","","","","","TSP-PC",1/15/2003 12:00:00 AM,4294151
"TSPPC608","0121214088","Land","On or below land surface, including most wells","surface soil sampling",,"N","3611  103rd AvCt NW,","Gig Harbor","WA","98335","PIERCE","Kitsap","Southwest Regional Office",6,26,"",,,47.2931575679324,-122.676719131228,"Unknown","+/- 10 ft (3 m)","GPS consumer unit or unknown (code phase)","",21,"N",1,"E",21,"SE","NE","",0,"FT","Unknown","Unknown","GPS consumer unit or unknown (code phase)","Mean sea level (MSL)","","","","","TSP-PC",1/15/2003 12:00:00 AM,4305151
"TSPPC144","7475033290","Land","On or below land surface, including most wells","surface soil sampling",,"N","4021 N 12th St,","Tacoma","WA","98406","PIERCE","Chambers-Clover","Southwest Regional Office",6,27,"",,,47.2611270676473,-122.491290938783,"Facility/Site Centroid","+/- 250 ft (76 m)","Unknown","",21,"N",2,"E",36,"SE","SW","",360,"FT","Unknown","Unknown","Map derived, elevation model unknown","Mean sea level (MSL)","","","","","TSP-PC",1/15/2003 12:00:00 AM,4384151
"TSPPC349","0321161056","Land","On or below land surface, including most wells","surface soil sampling",,"N","Browns Point Blvd,","","WA","98422","PIERCE","Puyallup-White","Southwest Regional Office",9,27,"",,,47.3108481490115,-122.423654359638,"Unknown","+/- 10 ft (3 m)","GPS consumer unit or unknown (code phase)","",21,"N",3,"E",16,"NE","SE","",0,"FT","Unknown","Unknown","GPS consumer unit or unknown (code phase)","Mean sea level (MSL)","","","","","TSP-PC",1/15/2003 12:00:00 AM,4394151
"TSPPC622","622","Land","On or below land surface, including most wells","surface soil sampling",,"N","","","WA","","PIERCE","Kitsap","Southwest Regional Office",10,28,"",,,47.2283128731267,-122.695812146136,"Unknown","+/- 10 ft (3 m)","GPS consumer unit or unknown (code phase)","",20,"N",1,"E",9,"SW","SW","",0,"FT","Unknown","Unknown","GPS consumer unit or unknown (code phase)","Mean sea level (MSL)","","","","","TSP-PC",1/15/2003 12:00:00 AM,4405151
"TSPPC154","3900000940","Land","On or below land surface, including most wells","surface soil sampling",,"N","4806 N 7th,","Tacoma","WA","98406","PIERCE","Chambers-Clover","Southwest Regional Office",6,27,"",,,47.2559759954865,-122.50116462964,"Facility/Site Centroid","+/- 250 ft (76 m)","Unknown","",20,"N",2,"E",1,"NW","NW","",360,"FT","Unknown","Unknown","Map derived, elevation model unknown","Mean sea level (MSL)","","","","","TSP-PC",1/15/2003 12:00:00 AM,4484151
"TSPPC390","7515000320","Land","On or below land surface, including most wells","surface soil sampling",,"N","5340  Beverly Ave NE,","Tacoma","WA","98422","PIERCE","Puyallup-White","Southwest Regional Office",9,27,"",,,47.3061164395473,-122.425089045047,"Facility/Site Centroid","+/- 250 ft (76 m)","Unknown","",21,"N",3,"E",16,"SE","","",360,"FT","Unknown","Unknown","Map derived, elevation model unknown","Mean sea level (MSL)","","","","","TSP-PC",1/15/2003 12:00:00 AM,4494151
"TSPPC638","0020351025","Land","On or below land surface, including most wells","surface soil sampling",,"N","Lot A  88th St KPS,","Longbranch","WA","98351","PIERCE","Kitsap","Southwest Regional Office",6,26,"",,,47.1773359491117,-122.76365143088,"Unknown","+/- 10 ft (3 m)","GPS consumer unit or unknown (code phase)","",20,"N",1,"W",35,"SE","NW","",0,"FT","Unknown","Unknown","GPS consumer unit or unknown (code phase)","Mean sea level (MSL)","","","","","TSP-PC",1/15/2003 12:00:00 AM,4505151
"TSPPC174","3880000190","Land","On or below land surface, including most wells","surface soil sampling",,"N","1633 S Firlands Dr,","Tacoma","WA","98405","PIERCE","Chambers-Clover","Southwest Regional Office",6,27,"",,,47.245258091523,-122.501809863139,"Facility/Site Centroid","+/- 250 ft (76 m)","Unknown","",20,"N",2,"E",1,"SW","SW","",360,"FT","Unknown","Unknown","Map derived, elevation model unknown","Mean sea level (MSL)","","","","","TSP-PC",1/15/2003 12:00:00 AM,4584151
"TSPPC418","0219042006","Land","On or below land surface, including most wells","surface soil sampling",,"N","101st St SW,","Lakewood","WA","","PIERCE","Chambers-Clover","Southwest Regional Office",10,28,"",,,47.1659569590231,-122.56182442955,"Unknown","+/- 10 ft (3 m)","GPS consumer unit or unknown (code phase)","",19,"N",2,"E",4,"NW","","",0,"FT","Unknown","Unknown","GPS consumer unit or unknown (code phase)","Mean sea level (MSL)","","","","","TSP-PC",1/15/2003 12:00:00 AM,4594151
"TSPPC503","0221043002","Land","On or below land surface, including most wells","surface soil sampling",,"N","8417  24th Ave NW,","Gig Harbor","WA","98335","PIERCE","Kitsap","Southwest Regional Office",6,26,"",,,47.335629713423,-122.568617042942,"Unknown","+/- 10 ft (3 m)","GPS consumer unit or unknown (code phase)","",21,"N",2,"E",5,"SE","NE","",0,"FT","Unknown","Unknown","GPS consumer unit or unknown (code phase)","Mean sea level (MSL)","","","","","TSP-PC",1/15/2003 12:00:00 AM,5005151
"TSPPC697","697","Land","On or below land surface, including most wells","surface soil sampling",,"N","","","WA","","PIERCE","Chambers-Clover","Southwest Regional Office",10,28,"",,,47.1411391909291,-122.612517295886,"Unknown","+/- 10 ft (3 m)","GPS consumer unit or unknown (code phase)","",19,"N",1,"E",12,"NE","NE","",0,"FT","Unknown","Unknown","GPS consumer unit or unknown (code phase)","Mean sea level (MSL)","","","","","TSP-PC",1/15/2003 12:00:00 AM,5015151
"TSPPC108","4135200200","Land","On or below land surface, including most wells","surface soil sampling",,"N","3715 N Shirley,","Tacoma","WA","98407","PIERCE","Chambers-Clover","Southwest Regional Office",6,27,"",,,47.2821312247413,-122.510114436481,"Facility/Site Centroid","+/- 250 ft (76 m)","Unknown","",21,"N",2,"E",26,"NE","","",320,"FT","Unknown","Unknown","Map derived, elevation model unknown","Mean sea level (MSL)","","","","","TSP-PC",1/15/2003 12:00:00 AM,5084151
"TSPPC215","8945001530","Land","On or below land surface, including most wells","surface soil sampling",,"N","3012 N 31st St,","Tacoma","WA","98407","PIERCE","Chambers-Clover","Southwest Regional Office",6,27,"",,,47.2753867005667,-122.475352964343,"Facility/Site Centroid","+/- 250 ft (76 m)","Unknown","",21,"N",3,"E",30,"SW","SE","",220,"FT","Unknown","Unknown","Map derived, elevation model unknown","Mean sea level (MSL)","","","","","TSP-PC",1/15/2003 12:00:00 AM,5094151
"TSPPC527","0221332008","Land","On or below land surface, including most wells","surface soil sampling",,"N","Stone Dr NW,","Gig Harbor","WA","98335","PIERCE","Kitsap","Southwest Regional Office",6,26,"",,,47.2756806890453,-122.56881867149,"Unknown","+/- 10 ft (3 m)","GPS consumer unit or unknown (code phase)","",21,"N",2,"E",29,"SE","SE","",0,"FT","Unknown","Unknown","GPS consumer unit or unknown (code phase)","Mean sea level (MSL)","","","","","TSP-PC",1/15/2003 12:00:00 AM,5105151
"TSPPC715","0022223004","Land","On or below land surface, including most wells","surface soil sampling",,"N","132nd St KPN,","Gig Harbor","WA","","PIERCE","Kitsap","Southwest Regional Office",6,26,"",,,47.3707706631283,-122.799916183788,"Unknown","+/- 10 ft (3 m)","GPS consumer unit or unknown (code phase)","",22,"N",1,"W",27,"NW","SW","",0,"FT","Unknown","Unknown","GPS consumer unit or unknown (code phase)","Mean sea level (MSL)","","","","","TSP-PC",1/15/2003 12:00:00 AM,5115151
"TSPPC122","6705003050","Land","On or below land surface, including most wells","surface soil sampling",,"N","2718 N Mason Ave,","Tacoma","WA","98407","PIERCE","Chambers-Clover","Southwest Regional Office",6,27,"",,,47.2727456970795,-122.495027096805,"Facility/Site Centroid","+/- 250 ft (76 m)","Unknown","",21,"N",2,"E",25,"SW","SE","",340,"FT","Unknown","Unknown","Map derived, elevation model unknown","Mean sea level (MSL)","","","","","TSP-PC",1/15/2003 12:00:00 AM,5184151
"TSPPC308","4955000271","Land","On or below land surface, including most wells","surface soil sampling",,"N","1009  Alameda Ave,","Tacoma","WA","98466","PIERCE","Chambers-Clover","Southwest Regional Office",10,28,"",,,47.2277266731318,-122.515363527272,"Facility/Site Centroid","+/- 250 ft (76 m)","Unknown","",20,"N",2,"E",14,"NE","NW","",260,"FT","Unknown","Unknown","Map derived, elevation model unknown","Mean sea level (MSL)","","","","","TSP-PC",1/15/2003 12:00:00 AM,5194151
"TSPPC570","0221063035","Land","On or below land surface, including most wells","surface soil sampling",,"N","Rosedale Rd NW,","Gig Harbor","WA","","PIERCE","Kitsap","Southwest Regional Office",6,26,"",,,47.3316509833539,-122.608103270485,"Unknown","+/- 10 ft (3 m)","GPS consumer unit or unknown (code phase)","",21,"N",2,"E",6,"SW","SW","",0,"FT","Unknown","Unknown","GPS consumer unit or unknown (code phase)","Mean sea level (MSL)","","","","","TSP-PC",1/15/2003 12:00:00 AM,5205151
"TSPPC133","7475022190","Land","On or below land surface, including most wells","surface soil sampling",,"N","4910 N 19th St,","Tacoma","WA","98406","PIERCE","Chambers-Clover","Southwest Regional Office",6,27,"",,,47.2661157002534,-122.502965716836,"Facility/Site Centroid","+/- 250 ft (76 m)","Unknown","",21,"N",2,"E",36,"NW","SW","",380,"FT","Unknown","Unknown","Map derived, elevation model unknown","Mean sea level (MSL)","","","","","TSP-PC",1/15/2003 12:00:00 AM,5284151
"TSPPC609","0221302023","Land","On or below land surface, including most wells","surface soil sampling",,"N","24th St NW,","Gig Harbor","WA","98335","PIERCE","Kitsap","Southwest Regional Office",6,26,"",,,47.2791976583265,-122.604414189792,"Unknown","+/- 10 ft (3 m)","GPS consumer unit or unknown (code phase)","",21,"N",2,"E",30,"SW","NE","",0,"FT","Unknown","Unknown","GPS consumer unit or unknown (code phase)","Mean sea level (MSL)","","","","","TSP-PC",1/15/2003 12:00:00 AM,5305151
"TSPPC145","7475031920","Land","On or below land surface, including most wells","surface soil sampling",,"N","4609 N 12th,","Tacoma","WA","98406","PIERCE","Chambers-Clover","Southwest Regional Office",6,27,"",,,47.2611138953362,-122.499842386353,"Facility/Site Centroid","+/- 250 ft (76 m)","Unknown","",21,"N",2,"E",36,"SW","","",380,"FT","Unknown","Unknown","Map derived, elevation model unknown","Mean sea level (MSL)","","","","","TSP-PC",1/15/2003 12:00:00 AM,5384151
"TSPPC351","3410000160","Land","On or below land surface, including most wells","surface soil sampling",,"N","8446  Eastside Dr NE,","Tacoma","WA","98422","PIERCE","Puyallup-White","Southwest Regional Office",9,27,"",,,47.3173875617226,-122.423374714651,"Facility/Site Centroid","+/- 250 ft (76 m)","Unknown","",21,"N",3,"E",9,"SE","SE","",160,"FT","Unknown","Unknown","Map derived, elevation model unknown","Mean sea level (MSL)","","","","","TSP-PC",1/15/2003 12:00:00 AM,5394151
"TSPPC624","0020141701","Land","On or below land surface, including most wells","surface soil sampling",,"N","3315  174th Ave KPS,","Longbranch","WA","98351","PIERCE","Kitsap","Southwest Regional Office",6,26,"",,,47.2263398585189,-122.767940400105,"Unknown","+/- 10 ft (3 m)","GPS consumer unit or unknown (code phase)","",20,"N",1,"W",14,"NE","NW","",0,"FT","Unknown","Unknown","GPS consumer unit or unknown (code phase)","Mean sea level (MSL)","","","","","TSP-PC",1/15/2003 12:00:00 AM,5405151
"TSPPC155","4485000050","Land","On or below land surface, including most wells","surface soil sampling",,"N","619 S Hawthorne St,","Tacoma","WA","98465","PIERCE","Chambers-Clover","Southwest Regional Office",6,28,"",,,47.2546589611529,-122.526816248888,"Facility/Site Centroid","+/- 250 ft (76 m)","Unknown","",20,"N",2,"E",3,"NE","NE","",360,"FT","Unknown","Unknown","Map derived, elevation model unknown","Mean sea level (MSL)","","","","","TSP-PC",1/15/2003 12:00:00 AM,5484151
"TSPPC393","7160201120","Land","On or below land surface, including most wells","surface soil sampling",,"N","408  Del Monte Ave,","Fircrest","WA","98466","PIERCE","Chambers-Clover","Southwest Regional Office",10,28,"",,,47.2368697562616,-122.512068547256,"Facility/Site Centroid","+/- 250 ft (76 m)","Unknown","",20,"N",2,"E",11,"NE","SW","",260,"FT","Unknown","Unknown","Map derived, elevation model unknown","Mean sea level (MSL)","","","","","TSP-PC",1/15/2003 12:00:00 AM,5494151
"TSPPC639","5017860760","Land","On or below land surface, including most wells","surface soil sampling",,"N","11513  Hillcrest Dr,","Anderson Island","WA","98303","PIERCE","Kitsap","Southwest Regional Office",10,28,"",,,47.1621271775648,-122.692953659638,"Unknown","+/- 10 ft (3 m)","GPS consumer unit or unknown (code phase)","",19,"N",1,"E",4,"SW","NW","",0,"FT","Unknown","Unknown","GPS consumer unit or unknown (code phase)","Mean sea level (MSL)","","","","","TSP-PC",1/15/2003 12:00:00 AM,5505151
"TSPPC175","4475001901","Land","On or below land surface, including most wells","surface soil sampling",,"N","S 19th St,","Tacoma","WA","98465","PIERCE","Chambers-Clover","Southwest Regional Office",6,27,"",,,47.2436577769308,-122.507642386007,"Unknown","+/- 10 ft (3 m)","GPS consumer unit or unknown (code phase)","",20,"N",2,"E",2,"SE","SE","",0,"FT","Unknown","Unknown","GPS consumer unit or unknown (code phase)","Mean sea level (MSL)","","","","","TSP-PC",1/15/2003 12:00:00 AM,5584151
"TSPPC419","2510000914","Land","On or below land surface, including most wells","surface soil sampling",,"N","Shannon St,","Steilacoom","WA","98388","PIERCE","Chambers-Clover","Southwest Regional Office",10,28,"",,,47.1688148479414,-122.58742506942,"Facility/Site Centroid","+/- 250 ft (76 m)","Unknown","",19,"N",2,"E",41,"NE","NW","",260,"FT","Unknown","Unknown","Map derived, elevation model unknown","Mean sea level (MSL)","","","","","TSP-PC",1/15/2003 12:00:00 AM,5594151
"TSPPC504","0221083118","Land","On or below land surface, including most wells","surface soil sampling",,"N","3488  Grandview St,","Gig Harbor","WA","","PIERCE","Kitsap","Southwest Regional Office",6,26,"",,,47.321706602853,-122.583935787981,"Unknown","+/- 10 ft (3 m)","GPS consumer unit or unknown (code phase)","",21,"N",2,"E",8,"SW","NE","",0,"FT","Unknown","Unknown","GPS consumer unit or unknown (code phase)","Mean sea level (MSL)","","","","","TSP-PC",1/15/2003 12:00:00 AM,6005151
"TSPPC698","698","Land","On or below land surface, including most wells","surface soil sampling",,"N","","","WA","","PIERCE","Chambers-Clover","Southwest Regional Office",10,28,"",,,47.1504168360125,-122.611255736477,"Unknown","+/- 10 ft (3 m)","GPS consumer unit or unknown (code phase)","",19,"N",2,"E",39,"SW","NW","",0,"FT","Unknown","Unknown","GPS consumer unit or unknown (code phase)","Mean sea level (MSL)","","","","","TSP-PC",1/15/2003 12:00:00 AM,6015151
"TSPPC110","5950000110","Land","On or below land surface, including most wells","surface soil sampling",,"N","3734 N Frace,","Tacoma","WA","98407","PIERCE","Chambers-Clover","Southwest Regional Office",6,27,"",,,47.2830693491605,-122.52460138438,"Facility/Site Centroid","+/- 250 ft (76 m)","Unknown","",21,"N",2,"E",26,"NW","SW","",320,"FT","Unknown","Unknown","Map derived, elevation model unknown","Mean sea level (MSL)","","","","","TSP-PC",1/15/2003 12:00:00 AM,6084151
"TSPPC241","2006330060","Land","On or below land surface, including most wells","surface soil sampling",,"N","619 S Grant Ave,","Tacoma","WA","98405","PIERCE","Chambers-Clover","Southwest Regional Office",6,27,"",,,47.2555691878265,-122.460909188716,"Facility/Site Centroid","+/- 250 ft (76 m)","Unknown","",20,"N",3,"E",5,"NW","NW","",0,"FT","Unknown","Unknown","Map derived, elevation model unknown","Mean sea level (MSL)","","","","","TSP-PC",1/15/2003 12:00:00 AM,6094151
"TSPPC530","4000090070","Land","On or below land surface, including most wells","surface soil sampling",,"N","23rd Ave NW,","Gig Harbor","WA","98335","PIERCE","Kitsap","Southwest Regional Office",6,26,"",,,47.2655639843304,-122.568241962617,"Unknown","+/- 10 ft (3 m)","GPS consumer unit or unknown (code phase)","",21,"N",2,"E",33,"NW","SW","",0,"FT","Unknown","Unknown","GPS consumer unit or unknown (code phase)","Mean sea level (MSL)","","","","","TSP-PC",1/15/2003 12:00:00 AM,6105151
"TSPPC717","0222304000","Land","On or below land surface, including most wells","surface soil sampling",,"N","112th St NW,","Gig Harbor","WA","98335","PIERCE","Kitsap","Southwest Regional Office",6,26,"",,,47.3602190992504,-122.603542167096,"Unknown","+/- 10 ft (3 m)","GPS consumer unit or unknown (code phase)","",22,"N",2,"E",30,"SW","SE","",0,"FT","Unknown","Unknown","GPS consumer unit or unknown (code phase)","Mean sea level (MSL)","","","","","TSP-PC",1/15/2003 12:00:00 AM,6115151
"TSPPC123","7475010181","Land","On or below land surface, including most wells","surface soil sampling",,"N","4803 N 27th St,","Tacoma","WA","98407","PIERCE","Chambers-Clover","Southwest Regional Office",6,27,"",,,47.2723282092585,-122.501101127954,"Facility/Site Centroid","+/- 250 ft (76 m)","Unknown","",21,"N",2,"E",25,"SW","SW","",360,"FT","Unknown","Unknown","Map derived, elevation model unknown","Mean sea level (MSL)","","","","","TSP-PC",1/15/2003 12:00:00 AM,6184151
"TSPPC309","0220151048","Land","On or below land surface, including most wells","surface soil sampling",,"N","6916  35th St W,","University Place","WA","98466","PIERCE","Chambers-Clover","Southwest Regional Office",10,28,"",,,47.2266048653652,-122.52933669108,"Facility/Site Centroid","+/- 250 ft (76 m)","Unknown","",20,"N",2,"E",15,"NE","NE","",360,"FT","Unknown","Unknown","Map derived, elevation model unknown","Mean sea level (MSL)","","","","","TSP-PC",1/15/2003 12:00:00 AM,6194151
"TSPPC599","7580000230","Land","On or below land surface, including most wells","surface soil sampling",,"N","5925  Reid Rd NW,","Gig Harbor","WA","98335","PIERCE","Kitsap","Southwest Regional Office",6,26,"",,,47.3126572403759,-122.572817758462,"Unknown","+/- 10 ft (3 m)","GPS consumer unit or unknown (code phase)","",21,"N",2,"E",17,"NE","","",0,"FT","Unknown","Unknown","GPS consumer unit or unknown (code phase)","Mean sea level (MSL)","","","","","TSP-PC",1/15/2003 12:00:00 AM,6205151
"TSPPC134","9490200550","Land","On or below land surface, including most wells","surface soil sampling",,"N","1808 N Shirley St,","Tacoma","WA","98406","PIERCE","Chambers-Clover","Southwest Regional Office",6,27,"",,,47.2658879353112,-122.510950334418,"Facility/Site Centroid","+/- 250 ft (76 m)","Unknown","",21,"N",2,"E",35,"NE","SW","",380,"FT","Unknown","Unknown","Map derived, elevation model unknown","Mean sea level (MSL)","","","","","TSP-PC",1/15/2003 12:00:00 AM,6284151
"TSPPC321","8998000160","Land","On or below land surface, including most wells","surface soil sampling",,"N","6720  53rd St W,","Tacoma","WA","98467","PIERCE","Chambers-Clover","Southwest Regional Office",10,28,"",,,47.2086129395642,-122.528229024971,"Facility/Site Centroid","+/- 250 ft (76 m)","Unknown","",20,"N",2,"E",22,"NE","SE","",320,"FT","Unknown","Unknown","Map derived, elevation model unknown","Mean sea level (MSL)","","","","","TSP-PC",1/15/2003 12:00:00 AM,6294151
"TSPPC613","3000360170","Land","On or below land surface, including most wells","surface soil sampling",,"N","3rd Ave FI,","Fox Island","WA","98333","PIERCE","Kitsap","Southwest Regional Office",6,26,"",,,47.2585076687918,-122.6500394546,"Unknown","+/- 10 ft (3 m)","GPS consumer unit or unknown (code phase)","",21,"N",1,"E",35,"SW","SW","",0,"FT","Unknown","Unknown","GPS consumer unit or unknown (code phase)","Mean sea level (MSL)","","","","","TSP-PC",1/15/2003 12:00:00 AM,6305151
"TSPPC146","8045000243","Land","On or below land surface, including most wells","surface soil sampling",,"N","5411 N Dahl Dr,","Tacoma","WA","98406","PIERCE","Chambers-Clover","Southwest Regional Office",6,27,"",,,47.2596774333219,-122.510160518233,"Facility/Site Centroid","+/- 250 ft (76 m)","Unknown","",21,"N",2,"E",35,"SE","SE","",360,"FT","Unknown","Unknown","Map derived, elevation model unknown","Mean sea level (MSL)","","","","","TSP-PC",1/15/2003 12:00:00 AM,6384151
"TSPPC353","0420064216","Land","On or below land surface, including most wells","surface soil sampling",,"N","804  66th Ave E,","Tacoma","WA","98424","PIERCE","Puyallup-White","Southwest Regional Office",9,27,"",,,47.2495449154338,-122.342800672868,"Facility/Site Centroid","+/- 250 ft (76 m)","Unknown","",20,"N",4,"E",6,"SE","NW","",180,"FT","Unknown","Unknown","Map derived, elevation model unknown","Mean sea level (MSL)","","","","","TSP-PC",1/15/2003 12:00:00 AM,6394151
"TSPPC626","626","Land","On or below land surface, including most wells","surface soil sampling",,"N","","","WA","","PIERCE","Kitsap","Southwest Regional Office",10,28,"",,,47.2112371643244,-122.653123288126,"Unknown","+/- 10 ft (3 m)","GPS consumer unit or unknown (code phase)","",20,"N",1,"E",23,"NW","NW","",0,"FT","Unknown","Unknown","GPS consumer unit or unknown (code phase)","Mean sea level (MSL)","","","","","TSP-PC",1/15/2003 12:00:00 AM,6405151
"TSPPC157","6235400321","Land","On or below land surface, including most wells","surface soil sampling",,"N","7655  6th Ave,","Tacoma","WA","98406","PIERCE","Chambers-Clover","Southwest Regional Office",6,28,"",,,47.2541926264281,-122.539821234786,"Facility/Site Centroid","+/- 250 ft (76 m)","Unknown","",20,"N",2,"E",3,"NW","","",220,"FT","Unknown","Unknown","Map derived, elevation model unknown","Mean sea level (MSL)","","","","","TSP-PC",1/15/2003 12:00:00 AM,6484151
"TSPPC640","0119052002","Land","On or below land surface, including most wells","surface soil sampling",,"N","13005  Camas Rd,","Anderson Island","WA","98303","PIERCE","Kitsap","Southwest Regional Office",10,28,"",,,47.1629570088644,-122.711380796515,"Unknown","+/- 10 ft (3 m)","GPS consumer unit or unknown (code phase)","",19,"N",1,"E",5,"NW","SE","",0,"FT","Unknown","Unknown","GPS consumer unit or unknown (code phase)","Mean sea level (MSL)","","","","","TSP-PC",1/15/2003 12:00:00 AM,6505151
"TSPPC176","3335000160","Land","On or below land surface, including most wells","surface soil sampling",,"N","1801 S Visscher,","Tacoma","WA","98465","PIERCE","Chambers-Clover","Southwest Regional Office",6,28,"",,,47.2437720173135,-122.516663469268,"Facility/Site Centroid","+/- 250 ft (76 m)","Unknown","",20,"N",2,"E",2,"SW","SE","",300,"FT","Unknown","Unknown","Map derived, elevation model unknown","Mean sea level (MSL)","","","","","TSP-PC",1/15/2003 12:00:00 AM,6584151
"TSPPC420","2305000680","Land","On or below land surface, including most wells","surface soil sampling",,"N","1203  Sequalish,","Steilacoom","WA","98388","PIERCE","Chambers-Clover","Southwest Regional Office",10,28,"",,,47.1682219588402,-122.600721818483,"Facility/Site Centroid","+/- 250 ft (76 m)","Unknown","",19,"N",2,"E",37,"NW","NE","",140,"FT","Unknown","Unknown","Map derived, elevation model unknown","Mean sea level (MSL)","","","","","TSP-PC",1/15/2003 12:00:00 AM,6594151
"TSPPC699","699","Land","On or below land surface, including most wells","surface soil sampling",,"N","","","WA","","PIERCE","Kitsap","Southwest Regional Office",10,28,"",,,47.2046435232476,-122.703365802318,"Unknown","+/- 10 ft (3 m)","GPS consumer unit or unknown (code phase)","",20,"N",1,"E",20,"SE","NW","",0,"FT","Unknown","Unknown","GPS consumer unit or unknown (code phase)","Mean sea level (MSL)","","","","","TSP-PC",1/15/2003 12:00:00 AM,7015151
"TSPPC112","6705000190","Land","On or below land surface, including most wells","surface soil sampling",,"N","3612 N 33rd St,","Tacoma","WA","98407","PIERCE","Chambers-Clover","Southwest Regional Office",6,27,"",,,47.2773978578521,-122.484952431922,"Facility/Site Centroid","+/- 250 ft (76 m)","Unknown","",21,"N",2,"E",25,"SE","NE","",220,"FT","Unknown","Unknown","Map derived, elevation model unknown","Mean sea level (MSL)","","","","","TSP-PC",1/15/2003 12:00:00 AM,7084151
"TSPPC242","2006200030","Land","On or below land surface, including most wells","surface soil sampling",,"N","604 S J St,","Tacoma","WA","98405","PIERCE","Chambers-Clover","Southwest Regional Office",6,27,"",,,47.2570280384575,-122.451822946759,"Facility/Site Centroid","+/- 250 ft (76 m)","Unknown","",20,"N",3,"E",5,"NE","NW","",0,"FT","Unknown","Unknown","Map derived, elevation model unknown","Mean sea level (MSL)","","","","","TSP-PC",1/15/2003 12:00:00 AM,7094151
"TSPPC531","0221322019","Land","On or below land surface, including most wells","surface soil sampling",,"N","8th St NW,","Gig Harbor","WA","98335","PIERCE","Kitsap","Southwest Regional Office",6,26,"",,,47.2655575368729,-122.581322367931,"Unknown","+/- 10 ft (3 m)","GPS consumer unit or unknown (code phase)","",21,"N",2,"E",32,"","","",0,"FT","Unknown","Unknown","GPS consumer unit or unknown (code phase)","Mean sea level (MSL)","","","","","TSP-PC",1/15/2003 12:00:00 AM,7105151
"TSPPC718","0122354039","Land","On or below land surface, including most wells","surface soil sampling",,"N","10123  78th Ave,","Gig Harbor","WA","98332","PIERCE","Kitsap","Southwest Regional Office",6,26,"",,,47.3529022161257,-122.637270555315,"Unknown","+/- 10 ft (3 m)","GPS consumer unit or unknown (code phase)","",22,"N",1,"E",35,"NE","SW","",0,"FT","Unknown","Unknown","GPS consumer unit or unknown (code phase)","Mean sea level (MSL)","","","","","TSP-PC",1/15/2003 12:00:00 AM,7115151
"TSPPC124","6280000290","Land","On or below land surface, including most wells","surface soil sampling",,"N","2620 N Baltimore,","Tacoma","WA","98407","PIERCE","Chambers-Clover","Southwest Regional Office",6,27,"",,,47.2719199469994,-122.508269176088,"Facility/Site Centroid","+/- 250 ft (76 m)","Unknown","",21,"N",2,"E",35,"NE","NE","",400,"FT","Unknown","Unknown","Map derived, elevation model unknown","Mean sea level (MSL)","","","","","TSP-PC",1/15/2003 12:00:00 AM,7184151
"TSPPC310","5785000991","Land","On or below land surface, including most wells","surface soil sampling",,"N","3334  Oas Dr W,","University Place","WA","98466","PIERCE","Chambers-Clover","Southwest Regional Office",10,28,"",,,47.2286685205626,-122.540657155834,"Facility/Site Centroid","+/- 250 ft (76 m)","Unknown","",20,"N",2,"E",10,"SW","SE","",340,"FT","Unknown","Unknown","Map derived, elevation model unknown","Mean sea level (MSL)","","","","","TSP-PC",1/15/2003 12:00:00 AM,7194151
"TSPPC601","4100000107","Land","On or below land surface, including most wells","surface soil sampling",,"N","Lombard St,","Gig Harbor","WA","98335","PIERCE","Kitsap","Southwest Regional Office",6,26,"",,,47.3258418782436,-122.627751271237,"Unknown","+/- 10 ft (3 m)","GPS consumer unit or unknown (code phase)","",21,"N",1,"E",12,"NW","","",0,"FT","Unknown","Unknown","GPS consumer unit or unknown (code phase)","Mean sea level (MSL)","","","","","TSP-PC",1/15/2003 12:00:00 AM,7205151
"TSPPC135","0221356010","Land","On or below land surface, including most wells","surface soil sampling",,"N","1301 N Highland Pkwy,","Tacoma","WA","98406","PIERCE","Chambers-Clover","Southwest Regional Office",6,28,"",,,47.265982495908,-122.519388282963,"Facility/Site Centroid","+/- 250 ft (76 m)","Unknown","",21,"N",2,"E",35,"NW","SE","",380,"FT","Unknown","Unknown","Map derived, elevation model unknown","Mean sea level (MSL)","","","","","TSP-PC",1/15/2003 12:00:00 AM,7284151
"TSPPC323","0220211700","Land","On or below land surface, including most wells","surface soil sampling",,"N","8503  Chambers creek Rd,","University Place","WA","98464","PIERCE","Chambers-Clover","Southwest Regional Office",10,28,"",,,47.2090610813507,-122.551815305991,"Unknown","+/- 10 ft (3 m)","GPS consumer unit or unknown (code phase)","",20,"N",2,"E",21,"NE","","",0,"FT","Unknown","Unknown","GPS consumer unit or unknown (code phase)","Mean sea level (MSL)","","","","","TSP-PC",1/15/2003 12:00:00 AM,7294151
"TSPPC614","0021364000","Land","On or below land surface, including most wells","surface soil sampling",,"N","Penrose State Park,","Lakebay","WA","98349","PIERCE","Kitsap","Southwest Regional Office",6,26,"",,,47.2582805372625,-122.745603762651,"Unknown","+/- 10 ft (3 m)","GPS consumer unit or unknown (code phase)","",21,"N",1,"W",36,"SE","SW","",0,"FT","Unknown","Unknown","GPS consumer unit or unknown (code phase)","Mean sea level (MSL)","","","","","TSP-PC",1/15/2003 12:00:00 AM,7305151
"TSPPC148","5905000170","Land","On or below land surface, including most wells","surface soil sampling",,"N","1123 N Hawthorne,","Tacoma","WA","98406","PIERCE","Chambers-Clover","Southwest Regional Office",6,28,"",,,47.2612809048768,-122.526865809091,"Facility/Site Centroid","+/- 250 ft (76 m)","Unknown","",21,"N",2,"E",34,"SE","SE","",380,"FT","Unknown","Unknown","Map derived, elevation model unknown","Mean sea level (MSL)","","","","","TSP-PC",1/15/2003 12:00:00 AM,7384151
"TSPPC355","0420062162","Land","On or below land surface, including most wells","surface soil sampling",,"N","4  62nd Ave E,","Tacoma","WA","98424","PIERCE","Puyallup-White","Southwest Regional Office",9,27,"",,,47.257143498915,-122.34696487116,"Facility/Site Centroid","+/- 250 ft (76 m)","Unknown","",20,"N",4,"E",6,"NW","NE","",360,"FT","Unknown","Unknown","Map derived, elevation model unknown","Mean sea level (MSL)","","","","","TSP-PC",1/15/2003 12:00:00 AM,7394151
"TSPPC628","628","Land","On or below land surface, including most wells","surface soil sampling",,"N","","","WA","","PIERCE","Kitsap","Southwest Regional Office",10,28,"",,,47.2121201384817,-122.693923786485,"Unknown","+/- 10 ft (3 m)","GPS consumer unit or unknown (code phase)","",20,"N",1,"E",21,"NW","NW","",0,"FT","Unknown","Unknown","GPS consumer unit or unknown (code phase)","Mean sea level (MSL)","","","","","TSP-PC",1/15/2003 12:00:00 AM,7405151
"TSPPC159","4290000200","Land","On or below land surface, including most wells","surface soil sampling",,"N","1025 S Prospect,","Tacoma","WA","98405","PIERCE","Chambers-Clover","Southwest Regional Office",6,27,"",,,47.2509705095505,-122.469172651821,"Facility/Site Centroid","+/- 250 ft (76 m)","Unknown","",20,"N",3,"E",6,"NE","SW","",360,"FT","Unknown","Unknown","Map derived, elevation model unknown","Mean sea level (MSL)","","","","","TSP-PC",1/15/2003 12:00:00 AM,7484151
"TSPPC396","4425001870","Land","On or below land surface, including most wells","surface soil sampling",,"N","2118 S Wilkeson,","Tacoma","WA","98405","PIERCE","Puyallup-White","Southwest Regional Office",6,27,"",,,47.2399150251863,-122.459435080856,"Facility/Site Centroid","+/- 250 ft (76 m)","Unknown","",20,"N",3,"E",8,"NW","NW","",0,"FT","Unknown","Unknown","Map derived, elevation model unknown","Mean sea level (MSL)","","","","","TSP-PC",1/15/2003 12:00:00 AM,7494151
"TSPPC642","642","Land","On or below land surface, including most wells","surface soil sampling",,"N","","","WA","","PIERCE","Chambers-Clover","Southwest Regional Office",10,28,"",,,47.1481322479706,-122.600314350643,"Unknown","+/- 10 ft (3 m)","GPS consumer unit or unknown (code phase)","",19,"N",2,"E",7,"NW","SE","",0,"FT","Unknown","Unknown","GPS consumer unit or unknown (code phase)","Mean sea level (MSL)","","","","","TSP-PC",1/15/2003 12:00:00 AM,7505151
"TSPPC422","0219111034","Land","On or below land surface, including most wells","surface soil sampling",,"N","5602  112th St,","Lakewood","WA","98499","PIERCE","Chambers-Clover","Southwest Regional Office",10,29,"",,,47.1548874536408,-122.511863151485,"Facility/Site Centroid","+/- 250 ft (76 m)","Unknown","",19,"N",2,"E",11,"NE","NW","",260,"FT","Unknown","Unknown","Map derived, elevation model unknown","Mean sea level (MSL)","","","","","TSP-PC",1/15/2003 12:00:00 AM,7594151
"TSPPC505","0221074050","Land","On or below land surface, including most wells","surface soil sampling",,"N","4214  72nd St NW,","Gig Harbor","WA","","PIERCE","Kitsap","Southwest Regional Office",6,26,"",,,47.3160261978322,-122.600006866341,"Unknown","+/- 10 ft (3 m)","GPS consumer unit or unknown (code phase)","",21,"N",2,"E",7,"SE","SW","",0,"FT","Unknown","Unknown","GPS consumer unit or unknown (code phase)","Mean sea level (MSL)","","","","","TSP-PC",1/15/2003 12:00:00 AM,8005151
"TSPPC703","0122141070","Land","On or below land surface, including most wells","surface soil sampling",,"N","15616  Goodrich Dr,","Gig Harbor","WA","98329","PIERCE","Kitsap","Southwest Regional Office",6,26,"",,,47.399983078564,-122.639528575418,"Unknown","+/- 10 ft (3 m)","GPS consumer unit or unknown (code phase)","",22,"N",1,"E",14,"NE","","",0,"FT","Unknown","Unknown","GPS consumer unit or unknown (code phase)","Mean sea level (MSL)","","","","","TSP-PC",1/15/2003 12:00:00 AM,8015151
"TSPPC113","6705002260","Land","On or below land surface, including most wells","surface soil sampling",,"N","4120 N 32nd St,","Tacoma","WA","98407","PIERCE","Chambers-Clover","Southwest Regional Office",6,27,"",,,47.2765191444069,-122.493357511623,"Facility/Site Centroid","+/- 250 ft (76 m)","Unknown","",21,"N",2,"E",25,"SE","NW","",300,"FT","Unknown","Unknown","Map derived, elevation model unknown","Mean sea level (MSL)","","","","","TSP-PC",1/15/2003 12:00:00 AM,8084151
"TSPPC243","0320053138","Land","On or below land surface, including most wells","surface soil sampling",,"N","1224 S L St,","Tacoma","WA","98405","PIERCE","Puyallup-White","Southwest Regional Office",6,27,"",,,47.2499096745769,-122.453005970116,"Facility/Site Centroid","+/- 250 ft (76 m)","Unknown","",20,"N",3,"E",5,"","","",0,"FT","Unknown","Unknown","Map derived, elevation model unknown","Mean sea level (MSL)","","","","","TSP-PC",1/15/2003 12:00:00 AM,8094151
"TSPPC540","0220072063","Land","On or below land surface, including most wells","surface soil sampling",,"N","Kamus Dr FI,","Fox Island","WA","98333","PIERCE","Kitsap","Southwest Regional Office",6,26,"",,,47.2424164414353,-122.604440811012,"Unknown","+/- 10 ft (3 m)","GPS consumer unit or unknown (code phase)","",20,"N",2,"E",7,"NW","NE","",0,"FT","Unknown","Unknown","GPS consumer unit or unknown (code phase)","Mean sea level (MSL)","","","","","TSP-PC",1/15/2003 12:00:00 AM,8105151
"TSPPC724","0021132018","Land","On or below land surface, including most wells","surface soil sampling",,"N","64th Ave NW,","Glencove","WA","98349","PIERCE","Kitsap","Southwest Regional Office",6,26,"",,,47.3112166676564,-122.753034691178,"Unknown","+/- 10 ft (3 m)","GPS consumer unit or unknown (code phase)","",21,"N",1,"W",13,"NW","","",0,"FT","Unknown","Unknown","GPS consumer unit or unknown (code phase)","Mean sea level (MSL)","","","","","TSP-PC",1/15/2003 12:00:00 AM,8115151
"TSPPC125","6250000040","Land","On or below land surface, including most wells","surface soil sampling",,"N","2613 N Bristol,","Tacoma","WA","98407","PIERCE","Chambers-Clover","Southwest Regional Office",6,27,"",,,47.2718275152532,-122.518796341825,"Facility/Site Centroid","+/- 250 ft (76 m)","Unknown","",21,"N",2,"E",35,"NW","NE","",380,"FT","Unknown","Unknown","Map derived, elevation model unknown","Mean sea level (MSL)","","","","","TSP-PC",1/15/2003 12:00:00 AM,8184151
"TSPPC311","8970000310","Land","On or below land surface, including most wells","surface soil sampling",,"N","3421  Elwood Dr W,","University Place","WA","98466","PIERCE","Chambers-Clover","Southwest Regional Office",10,28,"",,,47.2282370385617,-122.552737967594,"Facility/Site Centroid","+/- 250 ft (76 m)","Unknown","",20,"N",2,"E",9,"SE","SW","",280,"FT","Unknown","Unknown","Map derived, elevation model unknown","Mean sea level (MSL)","","","","","TSP-PC",1/15/2003 12:00:00 AM,8194151
"TSPPC136","5945401410","Land","On or below land surface, including most wells","surface soil sampling",,"N","1718 N Mildred,","Tacoma","WA","98406","PIERCE","Chambers-Clover","Southwest Regional Office",6,28,"",,,47.2662353591532,-122.526958518694,"Facility/Site Centroid","+/- 250 ft (76 m)","Unknown","",21,"N",2,"E",34,"NE","SE","",380,"FT","Unknown","Unknown","Map derived, elevation model unknown","Mean sea level (MSL)","","","","","TSP-PC",1/15/2003 12:00:00 AM,8284151
"TSPPC324","2668000090","Land","On or below land surface, including most wells","surface soil sampling",,"N","9407  Columbine Cir W,","University Place","WA","98467","PIERCE","Chambers-Clover","Southwest Regional Office",10,28,"",,,47.2095911087616,-122.563273562823,"Facility/Site Centroid","+/- 250 ft (76 m)","Unknown","",20,"N",2,"E",21,"NW","","",260,"FT","Unknown","Unknown","Map derived, elevation model unknown","Mean sea level (MSL)","","","","","TSP-PC",1/15/2003 12:00:00 AM,8294151
"TSPPC615","0021353017","Land","On or below land surface, including most wells","surface soil sampling",,"N","Cornwall Rd KPS,","Lakebay","WA","98349","PIERCE","Kitsap","Southwest Regional Office",6,26,"",,,47.2576893393133,-122.773470558108,"Unknown","+/- 10 ft (3 m)","GPS consumer unit or unknown (code phase)","",21,"N",1,"W",35,"SW","SE","",0,"FT","Unknown","Unknown","GPS consumer unit or unknown (code phase)","Mean sea level (MSL)","","","","","TSP-PC",1/15/2003 12:00:00 AM,8305151
"TSPPC149","5905002000","Land","On or below land surface, including most wells","surface soil sampling",,"N","1111 N Bridgeview Dr,","Tacoma","WA","98406","PIERCE","Chambers-Clover","Southwest Regional Office",6,28,"",,,47.2606041383885,-122.532292286295,"Facility/Site Centroid","+/- 250 ft (76 m)","Unknown","",21,"N",2,"E",34,"SE","","",340,"FT","Unknown","Unknown","Map derived, elevation model unknown","Mean sea level (MSL)","","","","","TSP-PC",1/15/2003 12:00:00 AM,8384151
"TSPPC359","3717000010","Land","On or below land surface, including most wells","surface soil sampling",,"N","1901 NE 68th Ave,","Tacoma","WA","98422","PIERCE","Puyallup-White","Southwest Regional Office",9,27,"",,,47.2736715202367,-122.35593161918,"Facility/Site Centroid","+/- 250 ft (76 m)","Unknown","",21,"N",3,"E",25,"SE","SE","",400,"FT","Unknown","Unknown","Map derived, elevation model unknown","Mean sea level (MSL)","","","","","TSP-PC",1/15/2003 12:00:00 AM,8394151
"TSPPC631","0020232016","Land","On or below land surface, including most wells","surface soil sampling",,"N","17407  Rouse Rd,","Longbranch","WA","98351","PIERCE","Kitsap","Southwest Regional Office",6,26,"",,,47.2109881522808,-122.770128050027,"Unknown","+/- 10 ft (3 m)","GPS consumer unit or unknown (code phase)","",20,"N",1,"W",23,"NW","NE","",0,"FT","Unknown","Unknown","GPS consumer unit or unknown (code phase)","Mean sea level (MSL)","","","","","TSP-PC",1/15/2003 12:00:00 AM,8405151
"TSPPC163","0220012123","Land","On or below land surface, including most wells","surface soil sampling",,"N","4538 S 11th St,","","WA","98405","PIERCE","Chambers-Clover","Southwest Regional Office",6,27,"",,,47.2506946084088,-122.499998850603,"Facility/Site Centroid","+/- 250 ft (76 m)","Unknown","",20,"N",2,"E",1,"NW","SW","",340,"FT","Unknown","Unknown","Map derived, elevation model unknown","Mean sea level (MSL)","","","","","TSP-PC",1/15/2003 12:00:00 AM,8484151
"TSPPC397","7685003660","Land","On or below land surface, including most wells","surface soil sampling",,"N","2312 S J St,","Tacoma","WA","98405","PIERCE","Puyallup-White","Southwest Regional Office",6,27,"",,,47.2393344571482,-122.447794970162,"Facility/Site Centroid","+/- 250 ft (76 m)","Unknown","",20,"N",3,"E",8,"NE","","",0,"FT","Unknown","Unknown","Map derived, elevation model unknown","Mean sea level (MSL)","","","","","TSP-PC",1/15/2003 12:00:00 AM,8494151
"TSPPC644","0119074025","Land","On or below land surface, including most wells","surface soil sampling",,"N","12100  Claussen Rd,","Anderson Island","WA","98303","PIERCE","Kitsap","Southwest Regional Office",10,28,"",,,47.1471174318602,-122.72176425666,"Unknown","+/- 10 ft (3 m)","GPS consumer unit or unknown (code phase)","",19,"N",1,"E",7,"SE","NE","",0,"FT","Unknown","Unknown","GPS consumer unit or unknown (code phase)","Mean sea level (MSL)","","","","","TSP-PC",1/15/2003 12:00:00 AM,8505151
"TSPPC178","6140200472","Land","On or below land surface, including most wells","surface soil sampling",,"N","7232 S 17th St,","Tacoma","WA","98465","PIERCE","Chambers-Clover","Southwest Regional Office",6,28,"",,,47.2445892983638,-122.533590006163,"Facility/Site Centroid","+/- 250 ft (76 m)","Unknown","",20,"N",2,"E",3,"SE","SW","",360,"FT","Unknown","Unknown","Map derived, elevation model unknown","Mean sea level (MSL)","","","","","TSP-PC",1/15/2003 12:00:00 AM,8584151
"TSPPC423","0219034033","Land","On or below land surface, including most wells","surface soil sampling",,"N","10930  Meadow Rd SW,","Lakewood","WA","98499","PIERCE","Chambers-Clover","Southwest Regional Office",10,28,"",,,47.1571787584046,-122.526485255496,"Facility/Site Centroid","+/- 250 ft (76 m)","Unknown","",19,"N",2,"E",3,"SE","SE","",240,"FT","Unknown","Unknown","Map derived, elevation model unknown","Mean sea level (MSL)","","","","","TSP-PC",1/15/2003 12:00:00 AM,8594151
"TSPPC509","0221073097","Land","On or below land surface, including most wells","surface soil sampling",,"N","4819  Hunt St,","Gig Harbor","WA","98335","PIERCE","Kitsap","Southwest Regional Office",6,26,"",,,47.3175160443303,-122.603864568283,"Unknown","+/- 10 ft (3 m)","GPS consumer unit or unknown (code phase)","",21,"N",2,"E",7,"SW","SE","",0,"FT","Unknown","Unknown","GPS consumer unit or unknown (code phase)","Mean sea level (MSL)","","","","","TSP-PC",1/15/2003 12:00:00 AM,9005151
"TSPPC706","0122182000","Land","On or below land surface, including most wells","surface soil sampling",,"N","County line Rd KPN,","Gig Harbor","WA","","PIERCE","Kitsap","Southwest Regional Office",6,26,"",,,47.4024840486053,-122.733854800899,"Unknown","+/- 10 ft (3 m)","GPS consumer unit or unknown (code phase)","",22,"N",1,"E",18,"NW","NW","",0,"FT","Unknown","Unknown","GPS consumer unit or unknown (code phase)","Mean sea level (MSL)","","","","","TSP-PC",1/15/2003 12:00:00 AM,9015151
"TSPPC114","0221253052","Land","On or below land surface, including most wells","surface soil sampling",,"N","4819 N 33rd St,","Tacoma","WA","98407","PIERCE","Chambers-Clover","Southwest Regional Office",6,27,"",,,47.2780601439608,-122.50225167072,"Facility/Site Centroid","+/- 250 ft (76 m)","Unknown","",21,"N",2,"E",25,"SW","NW","",340,"FT","Unknown","Unknown","Map derived, elevation model unknown","Mean sea level (MSL)","","","","","TSP-PC",1/15/2003 12:00:00 AM,9084151
"TSPPC244","2009320120","Land","On or below land surface, including most wells","surface soil sampling",,"N","948 S Ainsworth,","Tacoma","WA","98405","PIERCE","Puyallup-White","Southwest Regional Office",6,27,"",,,47.2516336594177,-122.459392520419,"Facility/Site Centroid","+/- 250 ft (76 m)","Unknown","",20,"N",3,"E",5,"NW","SW","",0,"FT","Unknown","Unknown","Map derived, elevation model unknown","Mean sea level (MSL)","","","","","TSP-PC",1/15/2003 12:00:00 AM,9094151
"TSPPC542","0120122007","Land","On or below land surface, including most wells","surface soil sampling",,"N","Cedrona Bay Co. Rd FI,","Gig Harbor","WA","98333","PIERCE","Kitsap","Southwest Regional Office",6,26,"",,,47.2426937871082,-122.627088976417,"Unknown","+/- 10 ft (3 m)","GPS consumer unit or unknown (code phase)","",20,"N",1,"E",12,"NW","NW","",0,"FT","Unknown","Unknown","GPS consumer unit or unknown (code phase)","Mean sea level (MSL)","","","","","TSP-PC",1/15/2003 12:00:00 AM,9105151
"TSPPC725","0021234005","Land","On or below land surface, including most wells","surface soil sampling",,"N","38th St KPN,","Glencove","WA","98349","PIERCE","Kitsap","Southwest Regional Office",6,26,"",,,47.2920089544482,-122.763166076362,"Unknown","+/- 10 ft (3 m)","GPS consumer unit or unknown (code phase)","",21,"N",1,"W",23,"SE","NE","",0,"FT","Unknown","Unknown","GPS consumer unit or unknown (code phase)","Mean sea level (MSL)","","","","","TSP-PC",1/15/2003 12:00:00 AM,9115151
"TSPPC127","2034090020","Land","On or below land surface, including most wells","surface soil sampling",,"N","409 N E St,","Tacoma","WA","98403","PIERCE","Chambers-Clover","Southwest Regional Office",6,27,"",,,47.2673167379588,-122.452377031456,"Facility/Site Centroid","+/- 250 ft (76 m)","Unknown","",21,"N",3,"E",32,"NW","SE","",240,"FT","Unknown","Unknown","Map derived, elevation model unknown","Mean sea level (MSL)","","","","","TSP-PC",1/15/2003 12:00:00 AM,9184151
"TSPPC313","9430001240","Land","On or below land surface, including most wells","surface soil sampling",,"N","4202  Shoshone St W,","University Place","WA","98466","PIERCE","Chambers-Clover","Southwest Regional Office",10,28,"",,,47.2190183965126,-122.514098232049,"Facility/Site Centroid","+/- 250 ft (76 m)","Unknown","",20,"N",2,"E",14,"SE","NW","",260,"FT","Unknown","Unknown","Map derived, elevation model unknown","Mean sea level (MSL)","","","","","TSP-PC",1/15/2003 12:00:00 AM,9194151
"TSPPC602","0121023007","Land","On or below land surface, including most wells","surface soil sampling",,"N","Rosedale St SW,","Gig Harbor","WA","98335","PIERCE","Kitsap","Southwest Regional Office",6,26,"",,,47.3307170172265,-122.652073825124,"Unknown","+/- 10 ft (3 m)","GPS consumer unit or unknown (code phase)","",21,"N",1,"E",2,"SW","SW","",0,"FT","Unknown","Unknown","GPS consumer unit or unknown (code phase)","Mean sea level (MSL)","","","","","TSP-PC",1/15/2003 12:00:00 AM,9205151
"TSPPC138","0221343051","Land","On or below land surface, including most wells","surface soil sampling",,"N","1546  Fir St,","Tacoma","WA","98406","PIERCE","Chambers-Clover","Southwest Regional Office",6,28,"",,,47.2651538559196,-122.540144196782,"Facility/Site Centroid","+/- 250 ft (76 m)","Unknown","",21,"N",2,"E",34,"SW","NE","",220,"FT","Unknown","Unknown","Map derived, elevation model unknown","Mean sea level (MSL)","","","","","TSP-PC",1/15/2003 12:00:00 AM,9284151
"TSPPC327","0220234215","Land","On or below land surface, including most wells","surface soil sampling",,"N","1607  57th Ave W,","University Place","WA","98467","PIERCE","Chambers-Clover","Southwest Regional Office",10,28,"",,,47.2014137049104,-122.512965158143,"Facility/Site Centroid","+/- 250 ft (76 m)","Unknown","",20,"N",2,"E",23,"SE","SW","",260,"FT","Unknown","Unknown","Map derived, elevation model unknown","Mean sea level (MSL)","","","","","TSP-PC",1/15/2003 12:00:00 AM,9294151
"TSPPC616","0020032037","Land","On or below land surface, including most wells","surface soil sampling",,"N","12  Webb Rd KPS,","Lakebay","WA","98349","PIERCE","Kitsap","Southwest Regional Office",6,26,"",,,47.2569797262849,-122.796077671065,"Unknown","+/- 10 ft (3 m)","GPS consumer unit or unknown (code phase)","",20,"N",1,"W",3,"NW","NW","",0,"FT","Unknown","Unknown","GPS consumer unit or unknown (code phase)","Mean sea level (MSL)","","","","","TSP-PC",1/15/2003 12:00:00 AM,9305151
"TSPPC150","4415000250","Land","On or below land surface, including most wells","surface soil sampling",,"N","642 N Prospect,","Tacoma","WA","98406","PIERCE","Chambers-Clover","Southwest Regional Office",6,27,"",,,47.2569148395617,-122.469426232696,"Facility/Site Centroid","+/- 250 ft (76 m)","Unknown","",20,"N",3,"E",6,"NE","NW","",360,"FT","Unknown","Unknown","Map derived, elevation model unknown","Mean sea level (MSL)","","","","","TSP-PC",1/15/2003 12:00:00 AM,9384151
"TSPPC361","0220104001","Land","On or below land surface, including most wells","surface soil sampling",,"N","3124  67th Ave W,","Fircrest","WA","98466","PIERCE","Chambers-Clover","Southwest Regional Office",10,28,"",,,47.2309296378922,-122.527729728876,"Facility/Site Centroid","+/- 250 ft (76 m)","Unknown","",20,"N",2,"E",10,"SE","SE","",320,"FT","Unknown","Unknown","Map derived, elevation model unknown","Mean sea level (MSL)","","","","","TSP-PC",1/15/2003 12:00:00 AM,9394151
"TSPPC165","2850000150","Land","On or below land surface, including most wells","surface soil sampling",,"N","1301 S Pearl St,","Tacoma","WA","98465","PIERCE","Chambers-Clover","Southwest Regional Office",6,27,"",,,47.2488575889738,-122.515381338811,"Facility/Site Centroid","+/- 250 ft (76 m)","Unknown","",20,"N",2,"E",2,"","","",320,"FT","Unknown","Unknown","Map derived, elevation model unknown","Mean sea level (MSL)","","","","","TSP-PC",1/15/2003 12:00:00 AM,9484151
"TSPPC401","7800001210","Land","On or below land surface, including most wells","surface soil sampling",,"N","6631 S Montgomery,","Tacoma","WA","98409","PIERCE","Chambers-Clover","Southwest Regional Office",6,29,"",,,47.1962819523936,-122.47809395104,"Facility/Site Centroid","+/- 250 ft (76 m)","Unknown","",20,"N",3,"E",30,"NW","","",260,"FT","Unknown","Unknown","Map derived, elevation model unknown","Mean sea level (MSL)","","","","","TSP-PC",1/15/2003 12:00:00 AM,9494151
"TSPPC655","0119264010","Land","On or below land surface, including most wells","surface soil sampling",,"N","1700  Palisade Blvd,","Steilacoom","WA","98338","PIERCE","Chambers-Clover","Southwest Regional Office",10,28,"",,,47.0969804086434,-122.63772174659,"Unknown","+/- 10 ft (3 m)","GPS consumer unit or unknown (code phase)","",19,"N",1,"E",35,"NE","NE","",0,"FT","Unknown","Unknown","GPS consumer unit or unknown (code phase)","Mean sea level (MSL)","","","","","TSP-PC",1/15/2003 12:00:00 AM,9505151
"TSPPC179","6235300760","Land","On or below land surface, including most wells","surface soil sampling",,"N","1732  Ventura Dr,","Tacoma","WA","98465","PIERCE","Chambers-Clover","Southwest Regional Office",6,28,"",,,47.2436960290598,-122.541892002605,"Facility/Site Centroid","+/- 250 ft (76 m)","Unknown","",20,"N",2,"E",3,"SW","SE","",240,"FT","Unknown","Unknown","Map derived, elevation model unknown","Mean sea level (MSL)","","","","","TSP-PC",1/15/2003 12:00:00 AM,9584151
"TSPPC424","0219102047","Land","On or below land surface, including most wells","surface soil sampling",,"N","8220  112th St SW,","Lakewood","WA","98498","PIERCE","Chambers-Clover","Southwest Regional Office",10,28,"",,,47.1555786765436,-122.546854752881,"Facility/Site Centroid","+/- 250 ft (76 m)","Unknown","",19,"N",2,"E",10,"NW","NW","",260,"FT","Unknown","Unknown","Map derived, elevation model unknown","Mean sea level (MSL)","","","","","TSP-PC",1/15/2003 12:00:00 AM,9594151
